{"continent":[{"country":[{"id":1156000000,"name_en_us":"China","name_zh_cn":"中国","province":[{"city":[{"id":1156340800,"name_en_us":"ANQING","name_zh_cn":"安庆市","tier_id":1156000023,"tier_level":3,"tier_name_en_us":"Third-tier City","tier_name_zh_cn":"三线城市"},{"id":1156340300,"name_en_us":"BENGBU","name_zh_cn":"蚌埠市","tier_id":1156000023,"tier_level":3,"tier_name_en_us":"Third-tier City","tier_name_zh_cn":"三线城市"},{"id":1156341600,"name_en_us":"BOZHOU","name_zh_cn":"亳州市","tier_id":1156000020,"tier_level":0,"tier_name_en_us":"Non-tier City","tier_name_zh_cn":"未分级城市"},{"id":1156341700,"name_en_us":"CHIZHOU","name_zh_cn":"池州市","tier_id":1156000020,"tier_level":0,"tier_name_en_us":"Non-tier City","tier_name_zh_cn":"未分级城市"},{"id":1156341100,"name_en_us":"CHUZHOU","name_zh_cn":"滁州市","tier_id":1156000024,"tier_level":4,"tier_name_en_us":"Fourth-tier City","tier_name_zh_cn":"四线城市"},{"id":1156341200,"name_en_us":"FUYANG","name_zh_cn":"阜阳市","tier_id":1156000024,"tier_level":4,"tier_name_en_us":"Fourth-tier City","tier_name_zh_cn":"四线城市"},{"id":1156340100,"name_en_us":"HEFEI","name_zh_cn":"合肥市","tier_id":1156000022,"tier_level":2,"tier_name_en_us":"Second-tier City","tier_name_zh_cn":"二线城市"},{"id":1156340600,"name_en_us":"HUAIBEI","name_zh_cn":"淮北市","tier_id":1156000020,"tier_level":0,"tier_name_en_us":"Non-tier City","tier_name_zh_cn":"未分级城市"},{"id":1156340400,"name_en_us":"HUAINAN","name_zh_cn":"淮南市","tier_id":1156000023,"tier_level":3,"tier_name_en_us":"Third-tier City","tier_name_zh_cn":"三线城市"},{"id":1156341000,"name_en_us":"HUANGSHAN","name_zh_cn":"黄山市","tier_id":1156000024,"tier_level":4,"tier_name_en_us":"Fourth-tier City","tier_name_zh_cn":"四线城市"},{"id":1156341500,"name_en_us":"LIUAN","name_zh_cn":"六安市","tier_id":1156000020,"tier_level":0,"tier_name_en_us":"Non-tier City","tier_name_zh_cn":"未分级城市"},{"id":1156340500,"name_en_us":"MAANSHAN","name_zh_cn":"马鞍山市","tier_id":1156000023,"tier_level":3,"tier_name_en_us":"Third-tier City","tier_name_zh_cn":"三线城市"},{"id":1156341300,"name_en_us":"SUZHOU1","name_zh_cn":"宿州市","tier_id":1156000020,"tier_level":0,"tier_name_en_us":"Non-tier City","tier_name_zh_cn":"未分级城市"},{"id":1156340700,"name_en_us":"TONGLING","name_zh_cn":"铜陵市","tier_id":1156000020,"tier_level":0,"tier_name_en_us":"Non-tier City","tier_name_zh_cn":"未分级城市"},{"id":1156340200,"name_en_us":"WUHU","name_zh_cn":"芜湖市","tier_id":1156000023,"tier_level":3,"tier_name_en_us":"Third-tier City","tier_name_zh_cn":"三线城市"},{"id":1156341800,"name_en_us":"XUANCHENG","name_zh_cn":"宣城市","tier_id":1156000020,"tier_level":0,"tier_name_en_us":"Non-tier City","tier_name_zh_cn":"未分级城市"},{"id":1156340000,"name_en_us":"QITA","name_zh_cn":"其他","tier_id":1156000020,"tier_level":0,"tier_name_en_us":"Non-tier City","tier_name_zh_cn":"未分级城市"}],"id":1156340001,"name_en_us":"ANHUI","name_zh_cn":"安徽省","region_id":1156000011,"region_name_en_us":"East","region_name_zh_cn":"华东地区"},{"city":[{"id":1446000000,"name_en_us":"MACAO","name_zh_cn":"澳门","tier_id":1156000020,"tier_level":0,"tier_name_en_us":"Non-tier City","tier_name_zh_cn":"未分级城市"}],"id":1446000001,"name_en_us":"MACAO","name_zh_cn":"澳门","region_id":1156000012,"region_name_en_us":"HK, MO & TW","region_name_zh_cn":"港澳台地区"},{"city":[{"id":1156110000,"name_en_us":"BEIJING","name_zh_cn":"北京市","tier_id":1156000021,"tier_level":1,"tier_name_en_us":"First-tier City","tier_name_zh_cn":"一线城市"}],"id":1156110001,"name_en_us":"BEIJING","name_zh_cn":"北京市","region_id":1156000013,"region_name_en_us":"North","region_name_zh_cn":"华北地区"},{"city":[{"id":1156350100,"name_en_us":"FUZHOU","name_zh_cn":"福州市","tier_id":1156000022,"tier_level":2,"tier_name_en_us":"Second-tier City","tier_name_zh_cn":"二线城市"},{"id":1156350800,"name_en_us":"LONGYAN","name_zh_cn":"龙岩市","tier_id":1156000023,"tier_level":3,"tier_name_en_us":"Third-tier City","tier_name_zh_cn":"三线城市"},{"id":1156350700,"name_en_us":"NANPING","name_zh_cn":"南平市","tier_id":1156000024,"tier_level":4,"tier_name_en_us":"Fourth-tier City","tier_name_zh_cn":"四线城市"},{"id":1156350900,"name_en_us":"NINGDE","name_zh_cn":"宁德市","tier_id":1156000024,"tier_level":4,"tier_name_en_us":"Fourth-tier City","tier_name_zh_cn":"四线城市"},{"id":1156350300,"name_en_us":"PUTIAN","name_zh_cn":"莆田市","tier_id":1156000024,"tier_level":4,"tier_name_en_us":"Fourth-tier City","tier_name_zh_cn":"四线城市"},{"id":1156350500,"name_en_us":"QUANZHOU","name_zh_cn":"泉州市","tier_id":1156000022,"tier_level":2,"tier_name_en_us":"Second-tier City","tier_name_zh_cn":"二线城市"},{"id":1156350400,"name_en_us":"SANMING","name_zh_cn":"三明市","tier_id":1156000024,"tier_level":4,"tier_name_en_us":"Fourth-tier City","tier_name_zh_cn":"四线城市"},{"id":1156350200,"name_en_us":"XIAMEN","name_zh_cn":"厦门市","tier_id":1156000022,"tier_level":2,"tier_name_en_us":"Second-tier City","tier_name_zh_cn":"二线城市"},{"id":1156350600,"name_en_us":"ZHANGZHOU","name_zh_cn":"漳州市","tier_id":1156000023,"tier_level":3,"tier_name_en_us":"Third-tier City","tier_name_zh_cn":"三线城市"},{"id":1156350000,"name_en_us":"QITA","name_zh_cn":"其他","tier_id":1156000020,"tier_level":0,"tier_name_en_us":"Non-tier City","tier_name_zh_cn":"未分级城市"}],"id":1156350001,"name_en_us":"FUJIAN","name_zh_cn":"福建省","region_id":1156000011,"region_name_en_us":"East","region_name_zh_cn":"华东地区"},{"city":[{"id":1156620400,"name_en_us":"BAIYIN","name_zh_cn":"白银市","tier_id":1156000020,"tier_level":0,"tier_name_en_us":"Non-tier City","tier_name_zh_cn":"未分级城市"},{"id":1156621100,"name_en_us":"DINGXI","name_zh_cn":"定西市","tier_id":1156000020,"tier_level":0,"tier_name_en_us":"Non-tier City","tier_name_zh_cn":"未分级城市"},{"id":1156623000,"name_en_us":"GANNAN","name_zh_cn":"甘南藏族自治州","tier_id":1156000020,"tier_level":0,"tier_name_en_us":"Non-tier City","tier_name_zh_cn":"未分级城市"},{"id":1156620200,"name_en_us":"JIAYUGUAN","name_zh_cn":"嘉峪关市","tier_id":1156000020,"tier_level":0,"tier_name_en_us":"Non-tier City","tier_name_zh_cn":"未分级城市"},{"id":1156620300,"name_en_us":"JINCHANG","name_zh_cn":"金昌市","tier_id":1156000020,"tier_level":0,"tier_name_en_us":"Non-tier City","tier_name_zh_cn":"未分级城市"},{"id":1156620900,"name_en_us":"JIUQUAN","name_zh_cn":"酒泉市","tier_id":1156000020,"tier_level":0,"tier_name_en_us":"Non-tier City","tier_name_zh_cn":"未分级城市"},{"id":1156620100,"name_en_us":"LANZHOU","name_zh_cn":"兰州市","tier_id":1156000023,"tier_level":3,"tier_name_en_us":"Third-tier City","tier_name_zh_cn":"三线城市"},{"id":1156622900,"name_en_us":"LINXIA","name_zh_cn":"临夏回族自治州","tier_id":1156000020,"tier_level":0,"tier_name_en_us":"Non-tier City","tier_name_zh_cn":"未分级城市"},{"id":1156621200,"name_en_us":"LONGNAN","name_zh_cn":"陇南市","tier_id":1156000020,"tier_level":0,"tier_name_en_us":"Non-tier City","tier_name_zh_cn":"未分级城市"},{"id":1156620800,"name_en_us":"PINGLIANG","name_zh_cn":"平凉市","tier_id":1156000020,"tier_level":0,"tier_name_en_us":"Non-tier City","tier_name_zh_cn":"未分级城市"},{"id":1156621000,"name_en_us":"QINGYANG","name_zh_cn":"庆阳市","tier_id":1156000020,"tier_level":0,"tier_name_en_us":"Non-tier City","tier_name_zh_cn":"未分级城市"},{"id":1156620500,"name_en_us":"TIANSHUI","name_zh_cn":"天水市","tier_id":1156000023,"tier_level":3,"tier_name_en_us":"Third-tier City","tier_name_zh_cn":"三线城市"},{"id":1156620600,"name_en_us":"WUWEI","name_zh_cn":"武威市","tier_id":1156000020,"tier_level":0,"tier_name_en_us":"Non-tier City","tier_name_zh_cn":"未分级城市"},{"id":1156620700,"name_en_us":"ZHANGYE","name_zh_cn":"张掖市","tier_id":1156000020,"tier_level":0,"tier_name_en_us":"Non-tier City","tier_name_zh_cn":"未分级城市"},{"id":1156620000,"name_en_us":"QITA","name_zh_cn":"其他","tier_id":1156000020,"tier_level":0,"tier_name_en_us":"Non-tier City","tier_name_zh_cn":"未分级城市"}],"id":1156620001,"name_en_us":"GANSU","name_zh_cn":"甘肃省","region_id":1156000015,"region_name_en_us":"Northwest","region_name_zh_cn":"西北地区"},{"city":[{"id":1156445100,"name_en_us":"CHAOZHOU","name_zh_cn":"潮州市","tier_id":1156000020,"tier_level":0,"tier_name_en_us":"Non-tier City","tier_name_zh_cn":"未分级城市"},{"id":1156441900,"name_en_us":"DONGGUAN","name_zh_cn":"东莞市","tier_id":1156000022,"tier_level":2,"tier_name_en_us":"Second-tier City","tier_name_zh_cn":"二线城市"},{"id":1156440600,"name_en_us":"FOSHAN","name_zh_cn":"佛山市","tier_id":1156000022,"tier_level":2,"tier_name_en_us":"Second-tier City","tier_name_zh_cn":"二线城市"},{"id":1156440100,"name_en_us":"GUANGZHOU","name_zh_cn":"广州市","tier_id":1156000021,"tier_level":1,"tier_name_en_us":"First-tier City","tier_name_zh_cn":"一线城市"},{"id":1156441600,"name_en_us":"HEYUAN","name_zh_cn":"河源市","tier_id":1156000020,"tier_level":0,"tier_name_en_us":"Non-tier City","tier_name_zh_cn":"未分级城市"},{"id":1156441300,"name_en_us":"HUIZHOU","name_zh_cn":"惠州市","tier_id":1156000023,"tier_level":3,"tier_name_en_us":"Third-tier City","tier_name_zh_cn":"三线城市"},{"id":1156440700,"name_en_us":"JIANGMEN","name_zh_cn":"江门市","tier_id":1156000023,"tier_level":3,"tier_name_en_us":"Third-tier City","tier_name_zh_cn":"三线城市"},{"id":1156445200,"name_en_us":"JIEYANG","name_zh_cn":"揭阳市","tier_id":1156000023,"tier_level":3,"tier_name_en_us":"Third-tier City","tier_name_zh_cn":"三线城市"},{"id":1156440900,"name_en_us":"MAOMING","name_zh_cn":"茂名市","tier_id":1156000023,"tier_level":3,"tier_name_en_us":"Third-tier City","tier_name_zh_cn":"三线城市"},{"id":1156441400,"name_en_us":"MEIZHOU","name_zh_cn":"梅州市","tier_id":1156000024,"tier_level":4,"tier_name_en_us":"Fourth-tier City","tier_name_zh_cn":"四线城市"},{"id":1156441800,"name_en_us":"QINGYUAN","name_zh_cn":"清远市","tier_id":1156000024,"tier_level":4,"tier_name_en_us":"Fourth-tier City","tier_name_zh_cn":"四线城市"},{"id":1156440500,"name_en_us":"SHANTOU","name_zh_cn":"汕头市","tier_id":1156000023,"tier_level":3,"tier_name_en_us":"Third-tier City","tier_name_zh_cn":"三线城市"},{"id":1156441500,"name_en_us":"SHANWEI","name_zh_cn":"汕尾市","tier_id":1156000020,"tier_level":0,"tier_name_en_us":"Non-tier City","tier_name_zh_cn":"未分级城市"},{"id":1156440200,"name_en_us":"SHAOGUAN","name_zh_cn":"韶关市","tier_id":1156000024,"tier_level":4,"tier_name_en_us":"Fourth-tier City","tier_name_zh_cn":"四线城市"},{"id":1156440300,"name_en_us":"SHENZHEN","name_zh_cn":"深圳市","tier_id":1156000021,"tier_level":1,"tier_name_en_us":"First-tier City","tier_name_zh_cn":"一线城市"},{"id":1156441700,"name_en_us":"YANGJIANG","name_zh_cn":"阳江市","tier_id":1156000024,"tier_level":4,"tier_name_en_us":"Fourth-tier City","tier_name_zh_cn":"四线城市"},{"id":1156445300,"name_en_us":"YUNFU","name_zh_cn":"云浮市","tier_id":1156000020,"tier_level":0,"tier_name_en_us":"Non-tier City","tier_name_zh_cn":"未分级城市"},{"id":1156440800,"name_en_us":"ZHANJIANG","name_zh_cn":"湛江市","tier_id":1156000024,"tier_level":4,"tier_name_en_us":"Fourth-tier City","tier_name_zh_cn":"四线城市"},{"id":1156441200,"name_en_us":"ZHAOQING","name_zh_cn":"肇庆市","tier_id":1156000023,"tier_level":3,"tier_name_en_us":"Third-tier City","tier_name_zh_cn":"三线城市"},{"id":1156442000,"name_en_us":"ZHONGSHAN","name_zh_cn":"中山市","tier_id":1156000023,"tier_level":3,"tier_name_en_us":"Third-tier City","tier_name_zh_cn":"三线城市"},{"id":1156440400,"name_en_us":"ZHUHAI","name_zh_cn":"珠海市","tier_id":1156000023,"tier_level":3,"tier_name_en_us":"Third-tier City","tier_name_zh_cn":"三线城市"},{"id":1156440000,"name_en_us":"QITA","name_zh_cn":"其他","tier_id":1156000020,"tier_level":0,"tier_name_en_us":"Non-tier City","tier_name_zh_cn":"未分级城市"}],"id":1156440001,"name_en_us":"GUANGDONG","name_zh_cn":"广东省","region_id":1156000016,"region_name_en_us":"South","region_name_zh_cn":"华南地区"},{"city":[{"id":1156450500,"name_en_us":"BEIHAI","name_zh_cn":"北海市","tier_id":1156000023,"tier_level":3,"tier_name_en_us":"Third-tier City","tier_name_zh_cn":"三线城市"},{"id":1156451000,"name_en_us":"BOSE","name_zh_cn":"百色市","tier_id":1156000020,"tier_level":0,"tier_name_en_us":"Non-tier City","tier_name_zh_cn":"未分级城市"},{"id":1156451400,"name_en_us":"CHONGZUO","name_zh_cn":"崇左市","tier_id":1156000020,"tier_level":0,"tier_name_en_us":"Non-tier City","tier_name_zh_cn":"未分级城市"},{"id":1156450600,"name_en_us":"FANGCHENGGANG","name_zh_cn":"防城港市","tier_id":1156000020,"tier_level":0,"tier_name_en_us":"Non-tier City","tier_name_zh_cn":"未分级城市"},{"id":1156450800,"name_en_us":"GUIGANG","name_zh_cn":"贵港市","tier_id":1156000020,"tier_level":0,"tier_name_en_us":"Non-tier City","tier_name_zh_cn":"未分级城市"},{"id":1156450300,"name_en_us":"GUILIN","name_zh_cn":"桂林市","tier_id":1156000023,"tier_level":3,"tier_name_en_us":"Third-tier City","tier_name_zh_cn":"三线城市"},{"id":1156451200,"name_en_us":"HECHI","name_zh_cn":"河池市","tier_id":1156000020,"tier_level":0,"tier_name_en_us":"Non-tier City","tier_name_zh_cn":"未分级城市"},{"id":1156451100,"name_en_us":"HEZHOU","name_zh_cn":"贺州市","tier_id":1156000020,"tier_level":0,"tier_name_en_us":"Non-tier City","tier_name_zh_cn":"未分级城市"},{"id":1156451300,"name_en_us":"LAIBIN","name_zh_cn":"来宾市","tier_id":1156000020,"tier_level":0,"tier_name_en_us":"Non-tier City","tier_name_zh_cn":"未分级城市"},{"id":1156450200,"name_en_us":"LIUZHOU","name_zh_cn":"柳州市","tier_id":1156000023,"tier_level":3,"tier_name_en_us":"Third-tier City","tier_name_zh_cn":"三线城市"},{"id":1156450100,"name_en_us":"NANNING","name_zh_cn":"南宁市","tier_id":1156000022,"tier_level":2,"tier_name_en_us":"Second-tier City","tier_name_zh_cn":"二线城市"},{"id":1156450700,"name_en_us":"QINZHOU","name_zh_cn":"钦州市","tier_id":1156000020,"tier_level":0,"tier_name_en_us":"Non-tier City","tier_name_zh_cn":"未分级城市"},{"id":1156450400,"name_en_us":"WUZHOU","name_zh_cn":"梧州市","tier_id":1156000020,"tier_level":0,"tier_name_en_us":"Non-tier City","tier_name_zh_cn":"未分级城市"},{"id":1156450900,"name_en_us":"YULIN1","name_zh_cn":"玉林市","tier_id":1156000023,"tier_level":3,"tier_name_en_us":"Third-tier City","tier_name_zh_cn":"三线城市"},{"id":1156450000,"name_en_us":"QITA","name_zh_cn":"其他","tier_id":1156000020,"tier_level":0,"tier_name_en_us":"Non-tier City","tier_name_zh_cn":"未分级城市"}],"id":1156450001,"name_en_us":"GUANGXI","name_zh_cn":"广西壮族自治区","region_id":1156000016,"region_name_en_us":"South","region_name_zh_cn":"华南地区"},{"city":[{"id":1156520400,"name_en_us":"ANSHUN","name_zh_cn":"安顺市","tier_id":1156000020,"tier_level":0,"tier_name_en_us":"Non-tier City","tier_name_zh_cn":"未分级城市"},{"id":1156520500,"name_en_us":"BIJIE","name_zh_cn":"毕节市","tier_id":1156000020,"tier_level":0,"tier_name_en_us":"Non-tier City","tier_name_zh_cn":"未分级城市"},{"id":1156520100,"name_en_us":"GUIYANG","name_zh_cn":"贵阳市","tier_id":1156000022,"tier_level":2,"tier_name_en_us":"Second-tier City","tier_name_zh_cn":"二线城市"},{"id":1156520000,"name_en_us":"LIUPANSHUI","name_zh_cn":"其他","tier_id":1156000020,"tier_level":0,"tier_name_en_us":"Non-tier City","tier_name_zh_cn":"未分级城市"},{"id":1156522600,"name_en_us":"QIANDONGNAN","name_zh_cn":"黔东南苗族侗族自治州","tier_id":1156000020,"tier_level":0,"tier_name_en_us":"Non-tier City","tier_name_zh_cn":"未分级城市"},{"id":1156522700,"name_en_us":"QIANNAN","name_zh_cn":"黔南布依族苗族自治州","tier_id":1156000020,"tier_level":0,"tier_name_en_us":"Non-tier City","tier_name_zh_cn":"未分级城市"},{"id":1156522300,"name_en_us":"QIANXINAN","name_zh_cn":"黔西南布依族苗族自治州","tier_id":1156000020,"tier_level":0,"tier_name_en_us":"Non-tier City","tier_name_zh_cn":"未分级城市"},{"id":1156520200,"name_en_us":"QITA","name_zh_cn":"六盘水市","tier_id":1156000020,"tier_level":0,"tier_name_en_us":"Non-tier City","tier_name_zh_cn":"未分级城市"},{"id":1156520600,"name_en_us":"TONGREN","name_zh_cn":"铜仁市","tier_id":1156000020,"tier_level":0,"tier_name_en_us":"Non-tier City","tier_name_zh_cn":"未分级城市"},{"id":1156520300,"name_en_us":"ZUNYI","name_zh_cn":"遵义市","tier_id":1156000024,"tier_level":4,"tier_name_en_us":"Fourth-tier City","tier_name_zh_cn":"四线城市"}],"id":1156520001,"name_en_us":"GUIZHOU","name_zh_cn":"贵州省","region_id":1156000017,"region_name_en_us":"Southwest","region_name_zh_cn":"西南地区"},{"city":[{"id":1156460100,"name_en_us":"HAIKOU","name_zh_cn":"海口市","tier_id":1156000023,"tier_level":3,"tier_name_en_us":"Third-tier City","tier_name_zh_cn":"三线城市"},{"id":1156469000,"name_en_us":"HAINANOTHER","name_zh_cn":"省直辖县级行政区划","tier_id":1156000020,"tier_level":0,"tier_name_en_us":"Non-tier City","tier_name_zh_cn":"未分级城市"},{"id":1156460000,"name_en_us":"QITA","name_zh_cn":"其他","tier_id":1156000020,"tier_level":0,"tier_name_en_us":"Non-tier City","tier_name_zh_cn":"未分级城市"},{"id":1156460200,"name_en_us":"SANYA","name_zh_cn":"三亚市","tier_id":1156000023,"tier_level":3,"tier_name_en_us":"Third-tier City","tier_name_zh_cn":"三线城市"},{"id":1156460400,"name_en_us":"ZHANZHOU","name_zh_cn":"儋州市","tier_id":1156000020,"tier_level":0,"tier_name_en_us":"Non-tier City","tier_name_zh_cn":"未分级城市"}],"id":1156460001,"name_en_us":"HAINAN","name_zh_cn":"海南省","region_id":1156000016,"region_name_en_us":"South","region_name_zh_cn":"华南地区"},{"city":[{"id":1156130600,"name_en_us":"BAODING","name_zh_cn":"保定市","tier_id":1156000023,"tier_level":3,"tier_name_en_us":"Third-tier City","tier_name_zh_cn":"三线城市"},{"id":1156130900,"name_en_us":"CANGZHOU","name_zh_cn":"沧州市","tier_id":1156000023,"tier_level":3,"tier_name_en_us":"Third-tier City","tier_name_zh_cn":"三线城市"},{"id":1156130800,"name_en_us":"CHENGDE","name_zh_cn":"承德市","tier_id":1156000023,"tier_level":3,"tier_name_en_us":"Third-tier City","tier_name_zh_cn":"三线城市"},{"id":1156130400,"name_en_us":"HANDAN","name_zh_cn":"邯郸市","tier_id":1156000023,"tier_level":3,"tier_name_en_us":"Third-tier City","tier_name_zh_cn":"三线城市"},{"id":1156131000,"name_en_us":"HENGSHUI","name_zh_cn":"廊坊市","tier_id":1156000023,"tier_level":3,"tier_name_en_us":"Third-tier City","tier_name_zh_cn":"三线城市"},{"id":1156130000,"name_en_us":"LANGFANG","name_zh_cn":"其他","tier_id":1156000020,"tier_level":0,"tier_name_en_us":"Non-tier City","tier_name_zh_cn":"未分级城市"},{"id":1156130300,"name_en_us":"QINHUANGDAO","name_zh_cn":"秦皇岛市","tier_id":1156000023,"tier_level":3,"tier_name_en_us":"Third-tier City","tier_name_zh_cn":"三线城市"},{"id":1156131100,"name_en_us":"QITA","name_zh_cn":"衡水市","tier_id":1156000020,"tier_level":0,"tier_name_en_us":"Non-tier City","tier_name_zh_cn":"未分级城市"},{"id":1156130100,"name_en_us":"SHIJIAZHUANG","name_zh_cn":"石家庄市","tier_id":1156000022,"tier_level":2,"tier_name_en_us":"Second-tier City","tier_name_zh_cn":"二线城市"},{"id":1156130200,"name_en_us":"TANGSHAN","name_zh_cn":"唐山市","tier_id":1156000023,"tier_level":3,"tier_name_en_us":"Third-tier City","tier_name_zh_cn":"三线城市"},{"id":1156130500,"name_en_us":"XINGTAI","name_zh_cn":"邢台市","tier_id":1156000023,"tier_level":3,"tier_name_en_us":"Third-tier City","tier_name_zh_cn":"三线城市"},{"id":1156130700,"name_en_us":"ZHANGJIAKOU","name_zh_cn":"张家口市","tier_id":1156000024,"tier_level":4,"tier_name_en_us":"Fourth-tier City","tier_name_zh_cn":"四线城市"}],"id":1156130001,"name_en_us":"HEBEI","name_zh_cn":"河北省","region_id":1156000013,"region_name_en_us":"North","region_name_zh_cn":"华北地区"},{"city":[{"id":1156410500,"name_en_us":"ANYANG","name_zh_cn":"安阳市","tier_id":1156000023,"tier_level":3,"tier_name_en_us":"Third-tier City","tier_name_zh_cn":"三线城市"},{"id":1156410800,"name_en_us":"HEBI","name_zh_cn":"焦作市","tier_id":1156000024,"tier_level":4,"tier_name_en_us":"Fourth-tier City","tier_name_zh_cn":"四线城市"},{"id":1156419000,"name_en_us":"HENANOHTER","name_zh_cn":"省直辖县级行政区划","tier_id":1156000020,"tier_level":0,"tier_name_en_us":"Non-tier City","tier_name_zh_cn":"未分级城市"},{"id":1156410200,"name_en_us":"JIAOZUO","name_zh_cn":"开封市","tier_id":1156000020,"tier_level":0,"tier_name_en_us":"Non-tier City","tier_name_zh_cn":"未分级城市"},{"id":1156410300,"name_en_us":"KAIFENG","name_zh_cn":"洛阳市","tier_id":1156000023,"tier_level":3,"tier_name_en_us":"Third-tier City","tier_name_zh_cn":"三线城市"},{"id":1156411300,"name_en_us":"LUOHE","name_zh_cn":"南阳市","tier_id":1156000023,"tier_level":3,"tier_name_en_us":"Third-tier City","tier_name_zh_cn":"三线城市"},{"id":1156411100,"name_en_us":"LUOYANG","name_zh_cn":"漯河市","tier_id":1156000020,"tier_level":0,"tier_name_en_us":"Non-tier City","tier_name_zh_cn":"未分级城市"},{"id":1156410400,"name_en_us":"NANYANG","name_zh_cn":"平顶山市","tier_id":1156000023,"tier_level":3,"tier_name_en_us":"Third-tier City","tier_name_zh_cn":"三线城市"},{"id":1156410900,"name_en_us":"PINGDINGSHAN","name_zh_cn":"濮阳市","tier_id":1156000023,"tier_level":3,"tier_name_en_us":"Third-tier City","tier_name_zh_cn":"三线城市"},{"id":1156410000,"name_en_us":"PUYANG","name_zh_cn":"其他","tier_id":1156000020,"tier_level":0,"tier_name_en_us":"Non-tier City","tier_name_zh_cn":"未分级城市"},{"id":1156410600,"name_en_us":"QITA","name_zh_cn":"鹤壁市","tier_id":1156000020,"tier_level":0,"tier_name_en_us":"Non-tier City","tier_name_zh_cn":"未分级城市"},{"id":1156411200,"name_en_us":"SANMENXIA","name_zh_cn":"三门峡市","tier_id":1156000020,"tier_level":0,"tier_name_en_us":"Non-tier City","tier_name_zh_cn":"未分级城市"},{"id":1156411400,"name_en_us":"SHANGQIU","name_zh_cn":"商丘市","tier_id":1156000020,"tier_level":0,"tier_name_en_us":"Non-tier City","tier_name_zh_cn":"未分级城市"},{"id":1156410700,"name_en_us":"XINXIANG","name_zh_cn":"新乡市","tier_id":1156000023,"tier_level":3,"tier_name_en_us":"Third-tier City","tier_name_zh_cn":"三线城市"},{"id":1156411500,"name_en_us":"XINYANG","name_zh_cn":"信阳市","tier_id":1156000020,"tier_level":0,"tier_name_en_us":"Non-tier City","tier_name_zh_cn":"未分级城市"},{"id":1156411000,"name_en_us":"XUCHANG","name_zh_cn":"许昌市","tier_id":1156000024,"tier_level":4,"tier_name_en_us":"Fourth-tier City","tier_name_zh_cn":"四线城市"},{"id":1156410100,"name_en_us":"ZHENGZHOU","name_zh_cn":"郑州市","tier_id":1156000022,"tier_level":2,"tier_name_en_us":"Second-tier City","tier_name_zh_cn":"二线城市"},{"id":1156411600,"name_en_us":"ZHOUKOU","name_zh_cn":"周口市","tier_id":1156000020,"tier_level":0,"tier_name_en_us":"Non-tier City","tier_name_zh_cn":"未分级城市"},{"id":1156411700,"name_en_us":"ZHUMADIAN","name_zh_cn":"驻马店市","tier_id":1156000020,"tier_level":0,"tier_name_en_us":"Non-tier City","tier_name_zh_cn":"未分级城市"}],"id":1156410001,"name_en_us":"HENAN","name_zh_cn":"河南省","region_id":1156000010,"region_name_en_us":"Central","region_name_zh_cn":"华中地区"},{"city":[{"id":1156232700,"name_en_us":"DA","name_zh_cn":"大兴安岭地区","tier_id":1156000020,"tier_level":0,"tier_name_en_us":"Non-tier City","tier_name_zh_cn":"未分级城市"},{"id":1156230600,"name_en_us":"DAQING","name_zh_cn":"大庆市","tier_id":1156000023,"tier_level":3,"tier_name_en_us":"Third-tier City","tier_name_zh_cn":"三线城市"},{"id":1156230100,"name_en_us":"HARBIN","name_zh_cn":"哈尔滨市","tier_id":1156000022,"tier_level":2,"tier_name_en_us":"Second-tier City","tier_name_zh_cn":"二线城市"},{"id":1156230400,"name_en_us":"HEGANG","name_zh_cn":"鹤岗市","tier_id":1156000020,"tier_level":0,"tier_name_en_us":"Non-tier City","tier_name_zh_cn":"未分级城市"},{"id":1156231100,"name_en_us":"HEIHE","name_zh_cn":"黑河市","tier_id":1156000020,"tier_level":0,"tier_name_en_us":"Non-tier City","tier_name_zh_cn":"未分级城市"},{"id":1156231000,"name_en_us":"JIAMUSI","name_zh_cn":"牡丹江市","tier_id":1156000024,"tier_level":4,"tier_name_en_us":"Fourth-tier City","tier_name_zh_cn":"四线城市"},{"id":1156230800,"name_en_us":"JIXI","name_zh_cn":"佳木斯市","tier_id":1156000020,"tier_level":0,"tier_name_en_us":"Non-tier City","tier_name_zh_cn":"未分级城市"},{"id":1156230900,"name_en_us":"MUDANJIANG","name_zh_cn":"七台河市","tier_id":1156000020,"tier_level":0,"tier_name_en_us":"Non-tier City","tier_name_zh_cn":"未分级城市"},{"id":1156230000,"name_en_us":"QIQIHAER","name_zh_cn":"其他","tier_id":1156000020,"tier_level":0,"tier_name_en_us":"Non-tier City","tier_name_zh_cn":"未分级城市"},{"id":1156230300,"name_en_us":"QITA","name_zh_cn":"鸡西市","tier_id":1156000020,"tier_level":0,"tier_name_en_us":"Non-tier City","tier_name_zh_cn":"未分级城市"},{"id":1156230200,"name_en_us":"QITAIHE","name_zh_cn":"齐齐哈尔市","tier_id":1156000023,"tier_level":3,"tier_name_en_us":"Third-tier City","tier_name_zh_cn":"三线城市"},{"id":1156230500,"name_en_us":"SHUANGYASHAN","name_zh_cn":"双鸭山市","tier_id":1156000020,"tier_level":0,"tier_name_en_us":"Non-tier City","tier_name_zh_cn":"未分级城市"},{"id":1156231200,"name_en_us":"SUIHUA","name_zh_cn":"绥化市","tier_id":1156000020,"tier_level":0,"tier_name_en_us":"Non-tier City","tier_name_zh_cn":"未分级城市"},{"id":1156230700,"name_en_us":"YICHUN","name_zh_cn":"伊春市","tier_id":1156000020,"tier_level":0,"tier_name_en_us":"Non-tier City","tier_name_zh_cn":"未分级城市"}],"id":1156230001,"name_en_us":"HEILONGJIANG","name_zh_cn":"黑龙江省","region_id":1156000014,"region_name_en_us":"Northeast","region_name_zh_cn":"东北地区"},{"city":[{"id":1156422800,"name_en_us":"ENSHI","name_zh_cn":"恩施土家族苗族自治州","tier_id":1156000020,"tier_level":0,"tier_name_en_us":"Non-tier City","tier_name_zh_cn":"未分级城市"},{"id":1156420700,"name_en_us":"EZHOU","name_zh_cn":"鄂州市","tier_id":1156000020,"tier_level":0,"tier_name_en_us":"Non-tier City","tier_name_zh_cn":"未分级城市"},{"id":1156420200,"name_en_us":"HUANGGANG","name_zh_cn":"黄石市","tier_id":1156000024,"tier_level":4,"tier_name_en_us":"Fourth-tier City","tier_name_zh_cn":"四线城市"},{"id":1156420800,"name_en_us":"HUANGSHI","name_zh_cn":"荆门市","tier_id":1156000024,"tier_level":4,"tier_name_en_us":"Fourth-tier City","tier_name_zh_cn":"四线城市"},{"id":1156429000,"name_en_us":"HUBEIOTHER","name_zh_cn":"省直辖县级行政区划","tier_id":1156000020,"tier_level":0,"tier_name_en_us":"Non-tier City","tier_name_zh_cn":"未分级城市"},{"id":1156421000,"name_en_us":"JINGMEN","name_zh_cn":"荆州市","tier_id":1156000023,"tier_level":3,"tier_name_en_us":"Third-tier City","tier_name_zh_cn":"三线城市"},{"id":1156420000,"name_en_us":"JINGZHOU","name_zh_cn":"其他","tier_id":1156000020,"tier_level":0,"tier_name_en_us":"Non-tier City","tier_name_zh_cn":"未分级城市"},{"id":1156421100,"name_en_us":"QITA","name_zh_cn":"黄冈市","tier_id":1156000020,"tier_level":0,"tier_name_en_us":"Non-tier City","tier_name_zh_cn":"未分级城市"},{"id":1156420300,"name_en_us":"SHIYAN","name_zh_cn":"十堰市","tier_id":1156000020,"tier_level":0,"tier_name_en_us":"Non-tier City","tier_name_zh_cn":"未分级城市"},{"id":1156421300,"name_en_us":"SUIZHOU","name_zh_cn":"随州市","tier_id":1156000020,"tier_level":0,"tier_name_en_us":"Non-tier City","tier_name_zh_cn":"未分级城市"},{"id":1156420100,"name_en_us":"WUHAN","name_zh_cn":"武汉市","tier_id":1156000022,"tier_level":2,"tier_name_en_us":"Second-tier City","tier_name_zh_cn":"二线城市"},{"id":1156420600,"name_en_us":"XIANGYANG","name_zh_cn":"襄阳市","tier_id":1156000020,"tier_level":0,"tier_name_en_us":"Non-tier City","tier_name_zh_cn":"未分级城市"},{"id":1156421200,"name_en_us":"XIANNING","name_zh_cn":"咸宁市","tier_id":1156000020,"tier_level":0,"tier_name_en_us":"Non-tier City","tier_name_zh_cn":"未分级城市"},{"id":1156420900,"name_en_us":"XIAOGAN","name_zh_cn":"孝感市","tier_id":1156000024,"tier_level":4,"tier_name_en_us":"Fourth-tier City","tier_name_zh_cn":"四线城市"},{"id":1156420500,"name_en_us":"YICHANG","name_zh_cn":"宜昌市","tier_id":1156000023,"tier_level":3,"tier_name_en_us":"Third-tier City","tier_name_zh_cn":"三线城市"}],"id":1156420001,"name_en_us":"HUBEI","name_zh_cn":"湖北省","region_id":1156000010,"region_name_en_us":"Central","region_name_zh_cn":"华中地区"},{"city":[{"id":1156430700,"name_en_us":"CHANGDE","name_zh_cn":"常德市","tier_id":1156000024,"tier_level":4,"tier_name_en_us":"Fourth-tier City","tier_name_zh_cn":"四线城市"},{"id":1156430100,"name_en_us":"CHANGSHA","name_zh_cn":"长沙市","tier_id":1156000022,"tier_level":2,"tier_name_en_us":"Second-tier City","tier_name_zh_cn":"二线城市"},{"id":1156431000,"name_en_us":"CHENZHOU","name_zh_cn":"郴州市","tier_id":1156000023,"tier_level":3,"tier_name_en_us":"Third-tier City","tier_name_zh_cn":"三线城市"},{"id":1156430400,"name_en_us":"HENGYANG","name_zh_cn":"衡阳市","tier_id":1156000023,"tier_level":3,"tier_name_en_us":"Third-tier City","tier_name_zh_cn":"三线城市"},{"id":1156431300,"name_en_us":"HUAIHUA","name_zh_cn":"娄底市","tier_id":1156000024,"tier_level":4,"tier_name_en_us":"Fourth-tier City","tier_name_zh_cn":"四线城市"},{"id":1156430000,"name_en_us":"LOUDI","name_zh_cn":"其他","tier_id":1156000020,"tier_level":0,"tier_name_en_us":"Non-tier City","tier_name_zh_cn":"未分级城市"},{"id":1156431200,"name_en_us":"QITA","name_zh_cn":"怀化市","tier_id":1156000024,"tier_level":4,"tier_name_en_us":"Fourth-tier City","tier_name_zh_cn":"四线城市"},{"id":1156430500,"name_en_us":"SHAOYANG","name_zh_cn":"邵阳市","tier_id":1156000024,"tier_level":4,"tier_name_en_us":"Fourth-tier City","tier_name_zh_cn":"四线城市"},{"id":1156430300,"name_en_us":"XIANGTAN","name_zh_cn":"湘潭市","tier_id":1156000023,"tier_level":3,"tier_name_en_us":"Third-tier City","tier_name_zh_cn":"三线城市"},{"id":1156433100,"name_en_us":"XIANGXI","name_zh_cn":"湘西土家族苗族自治州","tier_id":1156000020,"tier_level":0,"tier_name_en_us":"Non-tier City","tier_name_zh_cn":"未分级城市"},{"id":1156430900,"name_en_us":"YIYANG","name_zh_cn":"益阳市","tier_id":1156000024,"tier_level":4,"tier_name_en_us":"Fourth-tier City","tier_name_zh_cn":"四线城市"},{"id":1156431100,"name_en_us":"YONGZHOU","name_zh_cn":"永州市","tier_id":1156000020,"tier_level":0,"tier_name_en_us":"Non-tier City","tier_name_zh_cn":"未分级城市"},{"id":1156430600,"name_en_us":"YUEYANG","name_zh_cn":"岳阳市","tier_id":1156000023,"tier_level":3,"tier_name_en_us":"Third-tier City","tier_name_zh_cn":"三线城市"},{"id":1156430800,"name_en_us":"ZHANGJIAJIE","name_zh_cn":"张家界市","tier_id":1156000020,"tier_level":0,"tier_name_en_us":"Non-tier City","tier_name_zh_cn":"未分级城市"},{"id":1156430200,"name_en_us":"ZHUZHOU","name_zh_cn":"株洲市","tier_id":1156000023,"tier_level":3,"tier_name_en_us":"Third-tier City","tier_name_zh_cn":"三线城市"}],"id":1156430001,"name_en_us":"HUNAN","name_zh_cn":"湖南省","region_id":1156000010,"region_name_en_us":"Central","region_name_zh_cn":"华中地区"},{"city":[{"id":1156220800,"name_en_us":"BAICHENG","name_zh_cn":"白城市","tier_id":1156000020,"tier_level":0,"tier_name_en_us":"Non-tier City","tier_name_zh_cn":"未分级城市"},{"id":1156220600,"name_en_us":"BAISHAN","name_zh_cn":"白山市","tier_id":1156000020,"tier_level":0,"tier_name_en_us":"Non-tier City","tier_name_zh_cn":"未分级城市"},{"id":1156220100,"name_en_us":"CHANGCHUN","name_zh_cn":"长春市","tier_id":1156000022,"tier_level":2,"tier_name_en_us":"Second-tier City","tier_name_zh_cn":"二线城市"},{"id":1156220400,"name_en_us":"JILIN","name_zh_cn":"辽源市","tier_id":1156000020,"tier_level":0,"tier_name_en_us":"Non-tier City","tier_name_zh_cn":"未分级城市"},{"id":1156220000,"name_en_us":"LIAOYUAN","name_zh_cn":"其他","tier_id":1156000020,"tier_level":0,"tier_name_en_us":"Non-tier City","tier_name_zh_cn":"未分级城市"},{"id":1156220200,"name_en_us":"QITA","name_zh_cn":"吉林市","tier_id":1156000023,"tier_level":3,"tier_name_en_us":"Third-tier City","tier_name_zh_cn":"三线城市"},{"id":1156220300,"name_en_us":"SIPING","name_zh_cn":"四平市","tier_id":1156000020,"tier_level":0,"tier_name_en_us":"Non-tier City","tier_name_zh_cn":"未分级城市"},{"id":1156220700,"name_en_us":"SONGYUAN","name_zh_cn":"松原市","tier_id":1156000020,"tier_level":0,"tier_name_en_us":"Non-tier City","tier_name_zh_cn":"未分级城市"},{"id":1156220500,"name_en_us":"TONGHUA","name_zh_cn":"通化市","tier_id":1156000020,"tier_level":0,"tier_name_en_us":"Non-tier City","tier_name_zh_cn":"未分级城市"},{"id":1156222400,"name_en_us":"YANBIAN","name_zh_cn":"延边朝鲜族自治州","tier_id":1156000024,"tier_level":4,"tier_name_en_us":"Fourth-tier City","tier_name_zh_cn":"四线城市"}],"id":1156220001,"name_en_us":"JILIN","name_zh_cn":"吉林省","region_id":1156000014,"region_name_en_us":"Northeast","region_name_zh_cn":"东北地区"},{"city":[{"id":1156320400,"name_en_us":"CHANGZHOU","name_zh_cn":"常州市","tier_id":1156000023,"tier_level":3,"tier_name_en_us":"Third-tier City","tier_name_zh_cn":"三线城市"},{"id":1156320800,"name_en_us":"HUAIAN","name_zh_cn":"淮安市","tier_id":1156000023,"tier_level":3,"tier_name_en_us":"Third-tier City","tier_name_zh_cn":"三线城市"},{"id":1156320700,"name_en_us":"LIANYUNGANG","name_zh_cn":"连云港市","tier_id":1156000023,"tier_level":3,"tier_name_en_us":"Third-tier City","tier_name_zh_cn":"三线城市"},{"id":1156320100,"name_en_us":"NANJING","name_zh_cn":"南京市","tier_id":1156000022,"tier_level":2,"tier_name_en_us":"Second-tier City","tier_name_zh_cn":"二线城市"},{"id":1156320600,"name_en_us":"NANTONG","name_zh_cn":"南通市","tier_id":1156000023,"tier_level":3,"tier_name_en_us":"Third-tier City","tier_name_zh_cn":"三线城市"},{"id":1156320000,"name_en_us":"QITA","name_zh_cn":"其他","tier_id":1156000020,"tier_level":0,"tier_name_en_us":"Non-tier City","tier_name_zh_cn":"未分级城市"},{"id":1156321300,"name_en_us":"SUQIAN","name_zh_cn":"宿迁市","tier_id":1156000024,"tier_level":4,"tier_name_en_us":"Fourth-tier City","tier_name_zh_cn":"四线城市"},{"id":1156320500,"name_en_us":"SUZHOU","name_zh_cn":"苏州市","tier_id":1156000022,"tier_level":2,"tier_name_en_us":"Second-tier City","tier_name_zh_cn":"二线城市"},{"id":1156321200,"name_en_us":"TAIZHOU1","name_zh_cn":"泰州市","tier_id":1156000023,"tier_level":3,"tier_name_en_us":"Third-tier City","tier_name_zh_cn":"三线城市"},{"id":1156320200,"name_en_us":"WUXI","name_zh_cn":"无锡市","tier_id":1156000020,"tier_level":0,"tier_name_en_us":"Non-tier City","tier_name_zh_cn":"未分级城市"},{"id":1156320300,"name_en_us":"XUZHOU","name_zh_cn":"徐州市","tier_id":1156000023,"tier_level":3,"tier_name_en_us":"Third-tier City","tier_name_zh_cn":"三线城市"},{"id":1156320900,"name_en_us":"YANCHENG","name_zh_cn":"盐城市","tier_id":1156000023,"tier_level":3,"tier_name_en_us":"Third-tier City","tier_name_zh_cn":"三线城市"},{"id":1156321000,"name_en_us":"YANGZHOU","name_zh_cn":"扬州市","tier_id":1156000023,"tier_level":3,"tier_name_en_us":"Third-tier City","tier_name_zh_cn":"三线城市"},{"id":1156321100,"name_en_us":"ZHENJIANG","name_zh_cn":"镇江市","tier_id":1156000023,"tier_level":3,"tier_name_en_us":"Third-tier City","tier_name_zh_cn":"三线城市"}],"id":1156320001,"name_en_us":"JIANGSU","name_zh_cn":"江苏省","region_id":1156000011,"region_name_en_us":"East","region_name_zh_cn":"华东地区"},{"city":[{"id":1156361000,"name_en_us":"FUZHOU1","name_zh_cn":"抚州市","tier_id":1156000020,"tier_level":0,"tier_name_en_us":"Non-tier City","tier_name_zh_cn":"未分级城市"},{"id":1156360700,"name_en_us":"GANZHOU","name_zh_cn":"赣州市","tier_id":1156000023,"tier_level":3,"tier_name_en_us":"Third-tier City","tier_name_zh_cn":"三线城市"},{"id":1156360800,"name_en_us":"JI'AN","name_zh_cn":"吉安市","tier_id":1156000020,"tier_level":0,"tier_name_en_us":"Non-tier City","tier_name_zh_cn":"未分级城市"},{"id":1156360400,"name_en_us":"JINGDEZHEN","name_zh_cn":"九江市","tier_id":1156000023,"tier_level":3,"tier_name_en_us":"Third-tier City","tier_name_zh_cn":"三线城市"},{"id":1156360100,"name_en_us":"JIUJIANG","name_zh_cn":"南昌市","tier_id":1156000022,"tier_level":2,"tier_name_en_us":"Second-tier City","tier_name_zh_cn":"二线城市"},{"id":1156360300,"name_en_us":"NANCHANG","name_zh_cn":"萍乡市","tier_id":1156000020,"tier_level":0,"tier_name_en_us":"Non-tier City","tier_name_zh_cn":"未分级城市"},{"id":1156360000,"name_en_us":"PINGXIANG","name_zh_cn":"其他","tier_id":1156000020,"tier_level":0,"tier_name_en_us":"Non-tier City","tier_name_zh_cn":"未分级城市"},{"id":1156360200,"name_en_us":"QITA","name_zh_cn":"景德镇市","tier_id":1156000024,"tier_level":4,"tier_name_en_us":"Fourth-tier City","tier_name_zh_cn":"四线城市"},{"id":1156361100,"name_en_us":"SHANGRAO","name_zh_cn":"上饶市","tier_id":1156000024,"tier_level":4,"tier_name_en_us":"Fourth-tier City","tier_name_zh_cn":"四线城市"},{"id":1156360500,"name_en_us":"XINYU","name_zh_cn":"新余市","tier_id":1156000023,"tier_level":3,"tier_name_en_us":"Third-tier City","tier_name_zh_cn":"三线城市"},{"id":1156360900,"name_en_us":"YICHUN1","name_zh_cn":"宜春市","tier_id":1156000020,"tier_level":0,"tier_name_en_us":"Non-tier City","tier_name_zh_cn":"未分级城市"},{"id":1156360600,"name_en_us":"YINGTAN","name_zh_cn":"鹰潭市","tier_id":1156000020,"tier_level":0,"tier_name_en_us":"Non-tier City","tier_name_zh_cn":"未分级城市"}],"id":1156360001,"name_en_us":"JIANGXI","name_zh_cn":"江西省","region_id":1156000010,"region_name_en_us":"Central","region_name_zh_cn":"华中地区"},{"city":[{"id":1156210300,"name_en_us":"ANSHAN","name_zh_cn":"鞍山市","tier_id":1156000023,"tier_level":3,"tier_name_en_us":"Third-tier City","tier_name_zh_cn":"三线城市"},{"id":1156210500,"name_en_us":"BENXI","name_zh_cn":"本溪市","tier_id":1156000023,"tier_level":3,"tier_name_en_us":"Third-tier City","tier_name_zh_cn":"三线城市"},{"id":1156211300,"name_en_us":"CHAOYANG","name_zh_cn":"朝阳市","tier_id":1156000020,"tier_level":0,"tier_name_en_us":"Non-tier City","tier_name_zh_cn":"未分级城市"},{"id":1156210200,"name_en_us":"DALIAN","name_zh_cn":"大连市","tier_id":1156000022,"tier_level":2,"tier_name_en_us":"Second-tier City","tier_name_zh_cn":"二线城市"},{"id":1156210600,"name_en_us":"DANDONG","name_zh_cn":"丹东市","tier_id":1156000023,"tier_level":3,"tier_name_en_us":"Third-tier City","tier_name_zh_cn":"三线城市"},{"id":1156210400,"name_en_us":"FUSHUN","name_zh_cn":"抚顺市","tier_id":1156000020,"tier_level":0,"tier_name_en_us":"Non-tier City","tier_name_zh_cn":"未分级城市"},{"id":1156210900,"name_en_us":"FUXIN","name_zh_cn":"阜新市","tier_id":1156000020,"tier_level":0,"tier_name_en_us":"Non-tier City","tier_name_zh_cn":"未分级城市"},{"id":1156211400,"name_en_us":"HULUDAO","name_zh_cn":"葫芦岛市","tier_id":1156000024,"tier_level":4,"tier_name_en_us":"Fourth-tier City","tier_name_zh_cn":"四线城市"},{"id":1156210700,"name_en_us":"JINZHOU","name_zh_cn":"锦州市","tier_id":1156000023,"tier_level":3,"tier_name_en_us":"Third-tier City","tier_name_zh_cn":"三线城市"},{"id":1156211100,"name_en_us":"LIAOYANG","name_zh_cn":"盘锦市","tier_id":1156000020,"tier_level":0,"tier_name_en_us":"Non-tier City","tier_name_zh_cn":"未分级城市"},{"id":1156210000,"name_en_us":"PANJIN","name_zh_cn":"其他","tier_id":1156000020,"tier_level":0,"tier_name_en_us":"Non-tier City","tier_name_zh_cn":"未分级城市"},{"id":1156211000,"name_en_us":"QITA","name_zh_cn":"辽阳市","tier_id":1156000023,"tier_level":3,"tier_name_en_us":"Third-tier City","tier_name_zh_cn":"三线城市"},{"id":1156210100,"name_en_us":"SHENYANG","name_zh_cn":"沈阳市","tier_id":1156000022,"tier_level":2,"tier_name_en_us":"Second-tier City","tier_name_zh_cn":"二线城市"},{"id":1156211200,"name_en_us":"TIELING","name_zh_cn":"铁岭市","tier_id":1156000020,"tier_level":0,"tier_name_en_us":"Non-tier City","tier_name_zh_cn":"未分级城市"},{"id":1156210800,"name_en_us":"YINGKOU","name_zh_cn":"营口市","tier_id":1156000023,"tier_level":3,"tier_name_en_us":"Third-tier City","tier_name_zh_cn":"三线城市"}],"id":1156210001,"name_en_us":"LIAONING","name_zh_cn":"辽宁省","region_id":1156000014,"region_name_en_us":"Northeast","region_name_zh_cn":"东北地区"},{"city":[{"id":1156152900,"name_en_us":"ALASHAN","name_zh_cn":"阿拉善盟","tier_id":1156000020,"tier_level":0,"tier_name_en_us":"Non-tier City","tier_name_zh_cn":"未分级城市"},{"id":1156150200,"name_en_us":"BAOTOU","name_zh_cn":"包头市","tier_id":1156000022,"tier_level":2,"tier_name_en_us":"Second-tier City","tier_name_zh_cn":"二线城市"},{"id":1156150800,"name_en_us":"BAYANNUR","name_zh_cn":"巴彦淖尔市","tier_id":1156000020,"tier_level":0,"tier_name_en_us":"Non-tier City","tier_name_zh_cn":"未分级城市"},{"id":1156150400,"name_en_us":"CHIFENG","name_zh_cn":"赤峰市","tier_id":1156000024,"tier_level":4,"tier_name_en_us":"Fourth-tier City","tier_name_zh_cn":"四线城市"},{"id":1156150600,"name_en_us":"EERDUOSI","name_zh_cn":"鄂尔多斯市","tier_id":1156000023,"tier_level":3,"tier_name_en_us":"Third-tier City","tier_name_zh_cn":"三线城市"},{"id":1156152200,"name_en_us":"HINGGAN","name_zh_cn":"兴安盟","tier_id":1156000020,"tier_level":0,"tier_name_en_us":"Non-tier City","tier_name_zh_cn":"未分级城市"},{"id":1156150100,"name_en_us":"HOHHOT","name_zh_cn":"呼和浩特市","tier_id":1156000022,"tier_level":2,"tier_name_en_us":"Second-tier City","tier_name_zh_cn":"二线城市"},{"id":1156150700,"name_en_us":"HULUN","name_zh_cn":"呼伦贝尔市","tier_id":1156000020,"tier_level":0,"tier_name_en_us":"Non-tier City","tier_name_zh_cn":"未分级城市"},{"id":1156150000,"name_en_us":"QITA","name_zh_cn":"其他","tier_id":1156000020,"tier_level":0,"tier_name_en_us":"Non-tier City","tier_name_zh_cn":"未分级城市"},{"id":1156150500,"name_en_us":"TONGLIAO","name_zh_cn":"通辽市","tier_id":1156000024,"tier_level":4,"tier_name_en_us":"Fourth-tier City","tier_name_zh_cn":"四线城市"},{"id":1156150900,"name_en_us":"ULANQAB","name_zh_cn":"乌兰察布市","tier_id":1156000020,"tier_level":0,"tier_name_en_us":"Non-tier City","tier_name_zh_cn":"未分级城市"},{"id":1156150300,"name_en_us":"WUHAI","name_zh_cn":"乌海市","tier_id":1156000024,"tier_level":4,"tier_name_en_us":"Fourth-tier City","tier_name_zh_cn":"四线城市"},{"id":1156152500,"name_en_us":"XILIN","name_zh_cn":"锡林郭勒盟","tier_id":1156000020,"tier_level":0,"tier_name_en_us":"Non-tier City","tier_name_zh_cn":"未分级城市"}],"id":1156150001,"name_en_us":"NEIMENG","name_zh_cn":"内蒙古自治区","region_id":1156000013,"region_name_en_us":"North","region_name_zh_cn":"华北地区"},{"city":[{"id":1156640400,"name_en_us":"GUYUAN","name_zh_cn":"固原市","tier_id":1156000020,"tier_level":0,"tier_name_en_us":"Non-tier City","tier_name_zh_cn":"未分级城市"},{"id":1156640000,"name_en_us":"QITA","name_zh_cn":"其他","tier_id":1156000020,"tier_level":0,"tier_name_en_us":"Non-tier City","tier_name_zh_cn":"未分级城市"},{"id":1156640200,"name_en_us":"SHIZUISHAN","name_zh_cn":"石嘴山市","tier_id":1156000020,"tier_level":0,"tier_name_en_us":"Non-tier City","tier_name_zh_cn":"未分级城市"},{"id":1156640300,"name_en_us":"WUZHONG","name_zh_cn":"吴忠市","tier_id":1156000020,"tier_level":0,"tier_name_en_us":"Non-tier City","tier_name_zh_cn":"未分级城市"},{"id":1156640100,"name_en_us":"YINCHUAN","name_zh_cn":"银川市","tier_id":1156000023,"tier_level":3,"tier_name_en_us":"Third-tier City","tier_name_zh_cn":"三线城市"},{"id":1156640500,"name_en_us":"ZHONGWEI","name_zh_cn":"中卫市","tier_id":1156000020,"tier_level":0,"tier_name_en_us":"Non-tier City","tier_name_zh_cn":"未分级城市"}],"id":1156640001,"name_en_us":"NINGXIA","name_zh_cn":"宁夏回族自治区","region_id":1156000015,"region_name_en_us":"Northwest","region_name_zh_cn":"西北地区"},{"city":[{"id":1156632600,"name_en_us":"GOLOG","name_zh_cn":"果洛藏族自治州","tier_id":1156000020,"tier_level":0,"tier_name_en_us":"Non-tier City","tier_name_zh_cn":"未分级城市"},{"id":1156632200,"name_en_us":"HAIBEI","name_zh_cn":"海北藏族自治州","tier_id":1156000020,"tier_level":0,"tier_name_en_us":"Non-tier City","tier_name_zh_cn":"未分级城市"},{"id":1156630200,"name_en_us":"HAIDONG","name_zh_cn":"海东市","tier_id":1156000020,"tier_level":0,"tier_name_en_us":"Non-tier City","tier_name_zh_cn":"未分级城市"},{"id":1156632500,"name_en_us":"HAINAN1","name_zh_cn":"海南藏族自治州","tier_id":1156000020,"tier_level":0,"tier_name_en_us":"Non-tier City","tier_name_zh_cn":"未分级城市"},{"id":1156632800,"name_en_us":"HAIXI","name_zh_cn":"海西蒙古族藏族自治州","tier_id":1156000020,"tier_level":0,"tier_name_en_us":"Non-tier City","tier_name_zh_cn":"未分级城市"},{"id":1156632300,"name_en_us":"HUANGNAN","name_zh_cn":"黄南藏族自治州","tier_id":1156000020,"tier_level":0,"tier_name_en_us":"Non-tier City","tier_name_zh_cn":"未分级城市"},{"id":1156630000,"name_en_us":"QITA","name_zh_cn":"其他","tier_id":1156000020,"tier_level":0,"tier_name_en_us":"Non-tier City","tier_name_zh_cn":"未分级城市"},{"id":1156630100,"name_en_us":"XINING","name_zh_cn":"西宁市","tier_id":1156000023,"tier_level":3,"tier_name_en_us":"Third-tier City","tier_name_zh_cn":"三线城市"},{"id":1156632700,"name_en_us":"YUSHU","name_zh_cn":"玉树藏族自治州","tier_id":1156000020,"tier_level":0,"tier_name_en_us":"Non-tier City","tier_name_zh_cn":"未分级城市"}],"id":1156630001,"name_en_us":"QINGHAI","name_zh_cn":"青海省","region_id":1156000015,"region_name_en_us":"Northwest","region_name_zh_cn":"西北地区"},{"city":[{"id":1156371600,"name_en_us":"BINZHOU","name_zh_cn":"滨州市","tier_id":1156000023,"tier_level":3,"tier_name_en_us":"Third-tier City","tier_name_zh_cn":"三线城市"},{"id":1156371400,"name_en_us":"DEZHOU","name_zh_cn":"德州市","tier_id":1156000024,"tier_level":4,"tier_name_en_us":"Fourth-tier City","tier_name_zh_cn":"四线城市"},{"id":1156370500,"name_en_us":"DONGYING","name_zh_cn":"东营市","tier_id":1156000023,"tier_level":3,"tier_name_en_us":"Third-tier City","tier_name_zh_cn":"三线城市"},{"id":1156371700,"name_en_us":"HEZE","name_zh_cn":"菏泽市","tier_id":1156000020,"tier_level":0,"tier_name_en_us":"Non-tier City","tier_name_zh_cn":"未分级城市"},{"id":1156370100,"name_en_us":"JINAN","name_zh_cn":"济南市","tier_id":1156000022,"tier_level":2,"tier_name_en_us":"Second-tier City","tier_name_zh_cn":"二线城市"},{"id":1156370800,"name_en_us":"JINING","name_zh_cn":"济宁市","tier_id":1156000023,"tier_level":3,"tier_name_en_us":"Third-tier City","tier_name_zh_cn":"三线城市"},{"id":1156371200,"name_en_us":"LAIWU","name_zh_cn":"莱芜市","tier_id":1156000020,"tier_level":0,"tier_name_en_us":"Non-tier City","tier_name_zh_cn":"未分级城市"},{"id":1156371500,"name_en_us":"LIAOCHENG","name_zh_cn":"聊城市","tier_id":1156000023,"tier_level":3,"tier_name_en_us":"Third-tier City","tier_name_zh_cn":"三线城市"},{"id":1156371300,"name_en_us":"LINYI","name_zh_cn":"临沂市","tier_id":1156000023,"tier_level":3,"tier_name_en_us":"Third-tier City","tier_name_zh_cn":"三线城市"},{"id":1156370000,"name_en_us":"QINGDAO","name_zh_cn":"其他","tier_id":1156000020,"tier_level":0,"tier_name_en_us":"Non-tier City","tier_name_zh_cn":"未分级城市"},{"id":1156371100,"name_en_us":"QITA","name_zh_cn":"日照市","tier_id":1156000023,"tier_level":3,"tier_name_en_us":"Third-tier City","tier_name_zh_cn":"三线城市"},{"id":1156370200,"name_en_us":"RIZHAO","name_zh_cn":"青岛市","tier_id":1156000022,"tier_level":2,"tier_name_en_us":"Second-tier City","tier_name_zh_cn":"二线城市"},{"id":1156370900,"name_en_us":"TAI'AN","name_zh_cn":"泰安市","tier_id":1156000023,"tier_level":3,"tier_name_en_us":"Third-tier City","tier_name_zh_cn":"三线城市"},{"id":1156370700,"name_en_us":"WEIFANG","name_zh_cn":"潍坊市","tier_id":1156000023,"tier_level":3,"tier_name_en_us":"Third-tier City","tier_name_zh_cn":"三线城市"},{"id":1156371000,"name_en_us":"WEIHAI","name_zh_cn":"威海市","tier_id":1156000023,"tier_level":3,"tier_name_en_us":"Third-tier City","tier_name_zh_cn":"三线城市"},{"id":1156370600,"name_en_us":"YANTAI","name_zh_cn":"烟台市","tier_id":1156000022,"tier_level":2,"tier_name_en_us":"Second-tier City","tier_name_zh_cn":"二线城市"},{"id":1156370400,"name_en_us":"ZAOZHUANG","name_zh_cn":"枣庄市","tier_id":1156000024,"tier_level":4,"tier_name_en_us":"Fourth-tier City","tier_name_zh_cn":"四线城市"},{"id":1156370300,"name_en_us":"ZIBO","name_zh_cn":"淄博市","tier_id":1156000023,"tier_level":3,"tier_name_en_us":"Third-tier City","tier_name_zh_cn":"三线城市"}],"id":1156370001,"name_en_us":"SHANDONG","name_zh_cn":"山东省","region_id":1156000013,"region_name_en_us":"North","region_name_zh_cn":"华北地区"},{"city":[{"id":1156140400,"name_en_us":"CHANGZHI","name_zh_cn":"长治市","tier_id":1156000023,"tier_level":3,"tier_name_en_us":"Third-tier City","tier_name_zh_cn":"三线城市"},{"id":1156140200,"name_en_us":"DATONG","name_zh_cn":"大同市","tier_id":1156000023,"tier_level":3,"tier_name_en_us":"Third-tier City","tier_name_zh_cn":"三线城市"},{"id":1156140500,"name_en_us":"JINCHENG","name_zh_cn":"晋城市","tier_id":1156000020,"tier_level":0,"tier_name_en_us":"Non-tier City","tier_name_zh_cn":"未分级城市"},{"id":1156140700,"name_en_us":"JINZHONG","name_zh_cn":"晋中市","tier_id":1156000020,"tier_level":0,"tier_name_en_us":"Non-tier City","tier_name_zh_cn":"未分级城市"},{"id":1156141000,"name_en_us":"LINFEN","name_zh_cn":"临汾市","tier_id":1156000024,"tier_level":4,"tier_name_en_us":"Fourth-tier City","tier_name_zh_cn":"四线城市"},{"id":1156141100,"name_en_us":"LVLIANG","name_zh_cn":"吕梁市","tier_id":1156000020,"tier_level":0,"tier_name_en_us":"Non-tier City","tier_name_zh_cn":"未分级城市"},{"id":1156140000,"name_en_us":"QITA","name_zh_cn":"其他","tier_id":1156000020,"tier_level":0,"tier_name_en_us":"Non-tier City","tier_name_zh_cn":"未分级城市"},{"id":1156140600,"name_en_us":"SHUOZHOU","name_zh_cn":"朔州市","tier_id":1156000024,"tier_level":4,"tier_name_en_us":"Fourth-tier City","tier_name_zh_cn":"四线城市"},{"id":1156140100,"name_en_us":"TAIYUAN","name_zh_cn":"太原市","tier_id":1156000022,"tier_level":2,"tier_name_en_us":"Second-tier City","tier_name_zh_cn":"二线城市"},{"id":1156140900,"name_en_us":"XINZHOU","name_zh_cn":"忻州市","tier_id":1156000020,"tier_level":0,"tier_name_en_us":"Non-tier City","tier_name_zh_cn":"未分级城市"},{"id":1156140300,"name_en_us":"YANGQUAN","name_zh_cn":"阳泉市","tier_id":1156000024,"tier_level":4,"tier_name_en_us":"Fourth-tier City","tier_name_zh_cn":"四线城市"},{"id":1156140800,"name_en_us":"YUNCHENG","name_zh_cn":"运城市","tier_id":1156000024,"tier_level":4,"tier_name_en_us":"Fourth-tier City","tier_name_zh_cn":"四线城市"}],"id":1156140001,"name_en_us":"SHANXI","name_zh_cn":"山西省","region_id":1156000013,"region_name_en_us":"North","region_name_zh_cn":"华北地区"},{"city":[{"id":1156610900,"name_en_us":"ANKANG","name_zh_cn":"安康市","tier_id":1156000020,"tier_level":0,"tier_name_en_us":"Non-tier City","tier_name_zh_cn":"未分级城市"},{"id":1156610300,"name_en_us":"BAOJI","name_zh_cn":"宝鸡市","tier_id":1156000023,"tier_level":3,"tier_name_en_us":"Third-tier City","tier_name_zh_cn":"三线城市"},{"id":1156610700,"name_en_us":"HANZHONG","name_zh_cn":"汉中市","tier_id":1156000020,"tier_level":0,"tier_name_en_us":"Non-tier City","tier_name_zh_cn":"未分级城市"},{"id":1156610000,"name_en_us":"QITA","name_zh_cn":"其他","tier_id":1156000020,"tier_level":0,"tier_name_en_us":"Non-tier City","tier_name_zh_cn":"未分级城市"},{"id":1156611000,"name_en_us":"SHANGLUO","name_zh_cn":"商洛市","tier_id":1156000020,"tier_level":0,"tier_name_en_us":"Non-tier City","tier_name_zh_cn":"未分级城市"},{"id":1156610200,"name_en_us":"TONGCHUAN","name_zh_cn":"铜川市","tier_id":1156000020,"tier_level":0,"tier_name_en_us":"Non-tier City","tier_name_zh_cn":"未分级城市"},{"id":1156610500,"name_en_us":"WEINAN","name_zh_cn":"渭南市","tier_id":1156000024,"tier_level":4,"tier_name_en_us":"Fourth-tier City","tier_name_zh_cn":"四线城市"},{"id":1156610100,"name_en_us":"XI'AN","name_zh_cn":"西安市","tier_id":1156000022,"tier_level":2,"tier_name_en_us":"Second-tier City","tier_name_zh_cn":"二线城市"},{"id":1156610400,"name_en_us":"XIANYANG","name_zh_cn":"咸阳市","tier_id":1156000022,"tier_level":2,"tier_name_en_us":"Second-tier City","tier_name_zh_cn":"二线城市"},{"id":1156610600,"name_en_us":"YAN'AN","name_zh_cn":"延安市","tier_id":1156000024,"tier_level":4,"tier_name_en_us":"Fourth-tier City","tier_name_zh_cn":"四线城市"},{"id":1156610800,"name_en_us":"YULIN","name_zh_cn":"榆林市","tier_id":1156000023,"tier_level":3,"tier_name_en_us":"Third-tier City","tier_name_zh_cn":"三线城市"}],"id":1156610001,"name_en_us":"SHANXI1","name_zh_cn":"陕西省","region_id":1156000015,"region_name_en_us":"Northwest","region_name_zh_cn":"西北地区"},{"city":[{"id":1156310000,"name_en_us":"SHANGHAI","name_zh_cn":"上海市","tier_id":1156000021,"tier_level":1,"tier_name_en_us":"First-tier City","tier_name_zh_cn":"一线城市"}],"id":1156310001,"name_en_us":"SHANGHAI","name_zh_cn":"上海市","region_id":1156000011,"region_name_en_us":"East","region_name_zh_cn":"华东地区"},{"city":[{"id":1156513200,"name_en_us":"ABA","name_zh_cn":"阿坝藏族羌族自治州","tier_id":1156000020,"tier_level":0,"tier_name_en_us":"Non-tier City","tier_name_zh_cn":"未分级城市"},{"id":1156511900,"name_en_us":"BAZHONG","name_zh_cn":"巴中市","tier_id":1156000020,"tier_level":0,"tier_name_en_us":"Non-tier City","tier_name_zh_cn":"未分级城市"},{"id":1156510100,"name_en_us":"CHENGDU","name_zh_cn":"成都市","tier_id":1156000022,"tier_level":2,"tier_name_en_us":"Second-tier City","tier_name_zh_cn":"二线城市"},{"id":1156511700,"name_en_us":"DAZHOU","name_zh_cn":"达州市","tier_id":1156000020,"tier_level":0,"tier_name_en_us":"Non-tier City","tier_name_zh_cn":"未分级城市"},{"id":1156510600,"name_en_us":"DEYANG","name_zh_cn":"德阳市","tier_id":1156000023,"tier_level":3,"tier_name_en_us":"Third-tier City","tier_name_zh_cn":"三线城市"},{"id":1156513300,"name_en_us":"GARZE","name_zh_cn":"甘孜藏族自治州","tier_id":1156000020,"tier_level":0,"tier_name_en_us":"Non-tier City","tier_name_zh_cn":"未分级城市"},{"id":1156511600,"name_en_us":"GUANG'AN","name_zh_cn":"广安市","tier_id":1156000020,"tier_level":0,"tier_name_en_us":"Non-tier City","tier_name_zh_cn":"未分级城市"},{"id":1156510800,"name_en_us":"GUANGYUAN","name_zh_cn":"广元市","tier_id":1156000020,"tier_level":0,"tier_name_en_us":"Non-tier City","tier_name_zh_cn":"未分级城市"},{"id":1156511100,"name_en_us":"LESHAN","name_zh_cn":"乐山市","tier_id":1156000024,"tier_level":4,"tier_name_en_us":"Fourth-tier City","tier_name_zh_cn":"四线城市"},{"id":1156513400,"name_en_us":"LIANGSHAN","name_zh_cn":"凉山彝族自治州","tier_id":1156000020,"tier_level":0,"tier_name_en_us":"Non-tier City","tier_name_zh_cn":"未分级城市"},{"id":1156510500,"name_en_us":"LUZHOU","name_zh_cn":"泸州市","tier_id":1156000024,"tier_level":4,"tier_name_en_us":"Fourth-tier City","tier_name_zh_cn":"四线城市"},{"id":1156511400,"name_en_us":"MEISHAN","name_zh_cn":"眉山市","tier_id":1156000020,"tier_level":0,"tier_name_en_us":"Non-tier City","tier_name_zh_cn":"未分级城市"},{"id":1156510700,"name_en_us":"MIANYANG","name_zh_cn":"绵阳市","tier_id":1156000023,"tier_level":3,"tier_name_en_us":"Third-tier City","tier_name_zh_cn":"三线城市"},{"id":1156511300,"name_en_us":"NANCHONG","name_zh_cn":"南充市","tier_id":1156000024,"tier_level":4,"tier_name_en_us":"Fourth-tier City","tier_name_zh_cn":"四线城市"},{"id":1156511000,"name_en_us":"NEIJIANG","name_zh_cn":"内江市","tier_id":1156000024,"tier_level":4,"tier_name_en_us":"Fourth-tier City","tier_name_zh_cn":"四线城市"},{"id":1156510400,"name_en_us":"PANZHIHUA","name_zh_cn":"攀枝花市","tier_id":1156000024,"tier_level":4,"tier_name_en_us":"Fourth-tier City","tier_name_zh_cn":"四线城市"},{"id":1156510000,"name_en_us":"QITA","name_zh_cn":"其他","tier_id":1156000020,"tier_level":0,"tier_name_en_us":"Non-tier City","tier_name_zh_cn":"未分级城市"},{"id":1156510900,"name_en_us":"SUINING","name_zh_cn":"遂宁市","tier_id":1156000020,"tier_level":0,"tier_name_en_us":"Non-tier City","tier_name_zh_cn":"未分级城市"},{"id":1156511800,"name_en_us":"YA'AN","name_zh_cn":"雅安市","tier_id":1156000020,"tier_level":0,"tier_name_en_us":"Non-tier City","tier_name_zh_cn":"未分级城市"},{"id":1156511500,"name_en_us":"YIBIN","name_zh_cn":"宜宾市","tier_id":1156000024,"tier_level":4,"tier_name_en_us":"Fourth-tier City","tier_name_zh_cn":"四线城市"},{"id":1156510300,"name_en_us":"ZIGONG","name_zh_cn":"自贡市","tier_id":1156000020,"tier_level":0,"tier_name_en_us":"Non-tier City","tier_name_zh_cn":"未分级城市"},{"id":1156512000,"name_en_us":"ZIYANG","name_zh_cn":"资阳市","tier_id":1156000020,"tier_level":0,"tier_name_en_us":"Non-tier City","tier_name_zh_cn":"未分级城市"}],"id":1156510001,"name_en_us":"SICHUAN","name_zh_cn":"四川省","region_id":1156000017,"region_name_en_us":"Southwest","region_name_zh_cn":"西南地区"},{"city":[{"id":1158000000,"name_en_us":"TAIWAN","name_zh_cn":"其他","tier_id":1156000020,"tier_level":0,"tier_name_en_us":"Non-tier City","tier_name_zh_cn":"未分级城市"}],"id":1158000001,"name_en_us":"TAIWAN","name_zh_cn":"台湾","region_id":1156000012,"region_name_en_us":"HK, MO & TW","region_name_zh_cn":"港澳台地区"},{"city":[{"id":1156120000,"name_en_us":"TIANJIN","name_zh_cn":"天津市","tier_id":1156000022,"tier_level":2,"tier_name_en_us":"Second-tier City","tier_name_zh_cn":"二线城市"}],"id":1156120001,"name_en_us":"TIANJIN","name_zh_cn":"天津市","region_id":1156000013,"region_name_en_us":"North","region_name_zh_cn":"华北地区"},{"city":[{"id":1156542500,"name_en_us":"ALI","name_zh_cn":"阿里地区","tier_id":1156000020,"tier_level":0,"tier_name_en_us":"Non-tier City","tier_name_zh_cn":"未分级城市"},{"id":1156542100,"name_en_us":"CHANGDU","name_zh_cn":"昌都地区","tier_id":1156000020,"tier_level":0,"tier_name_en_us":"Non-tier City","tier_name_zh_cn":"未分级城市"},{"id":1156540300,"name_en_us":"CHANGDUCITY","name_zh_cn":"昌都市","tier_id":1156000020,"tier_level":0,"tier_name_en_us":"Non-tier City","tier_name_zh_cn":"未分级城市"},{"id":1156540100,"name_en_us":"LASA","name_zh_cn":"拉萨市","tier_id":1156000020,"tier_level":0,"tier_name_en_us":"Non-tier City","tier_name_zh_cn":"未分级城市"},{"id":1156542600,"name_en_us":"LINZHI","name_zh_cn":"林芝地区","tier_id":1156000020,"tier_level":0,"tier_name_en_us":"Non-tier City","tier_name_zh_cn":"未分级城市"},{"id":1156540400,"name_en_us":"LINZHICITY","name_zh_cn":"林芝市","tier_id":1156000020,"tier_level":0,"tier_name_en_us":"Non-tier City","tier_name_zh_cn":"未分级城市"},{"id":1156542400,"name_en_us":"NAQU","name_zh_cn":"那曲地区","tier_id":1156000020,"tier_level":0,"tier_name_en_us":"Non-tier City","tier_name_zh_cn":"未分级城市"},{"id":1156540000,"name_en_us":"QITA","name_zh_cn":"其他","tier_id":1156000020,"tier_level":0,"tier_name_en_us":"Non-tier City","tier_name_zh_cn":"未分级城市"},{"id":1156540200,"name_en_us":"RIKAZE","name_zh_cn":"日喀则市","tier_id":1156000020,"tier_level":0,"tier_name_en_us":"Non-tier City","tier_name_zh_cn":"未分级城市"},{"id":1156540500,"name_en_us":"SHANNAN","name_zh_cn":"山南市","tier_id":1156000020,"tier_level":0,"tier_name_en_us":"Non-tier City","tier_name_zh_cn":"未分级城市"}],"id":1156540001,"name_en_us":"XIZANG","name_zh_cn":"西藏自治区","region_id":1156000017,"region_name_en_us":"Southwest","region_name_zh_cn":"西南地区"},{"city":[{"id":1344000000,"name_en_us":"HONGKONG","name_zh_cn":"香港","tier_id":1156000020,"tier_level":0,"tier_name_en_us":"Non-tier City","tier_name_zh_cn":"未分级城市"}],"id":1344000001,"name_en_us":"HONGKONG","name_zh_cn":"香港","region_id":1156000012,"region_name_en_us":"HK, MO & TW","region_name_zh_cn":"港澳台地区"},{"city":[{"id":1156652900,"name_en_us":"AKSU","name_zh_cn":"阿克苏地区","tier_id":1156000020,"tier_level":0,"tier_name_en_us":"Non-tier City","tier_name_zh_cn":"未分级城市"},{"id":1156654300,"name_en_us":"ALTAY","name_zh_cn":"阿勒泰地区","tier_id":1156000020,"tier_level":0,"tier_name_en_us":"Non-tier City","tier_name_zh_cn":"未分级城市"},{"id":1156652800,"name_en_us":"BAYINGOLIN","name_zh_cn":"巴音郭楞蒙古自治州","tier_id":1156000020,"tier_level":0,"tier_name_en_us":"Non-tier City","tier_name_zh_cn":"未分级城市"},{"id":1156652700,"name_en_us":"BORTALA","name_zh_cn":"博尔塔拉蒙古自治州","tier_id":1156000020,"tier_level":0,"tier_name_en_us":"Non-tier City","tier_name_zh_cn":"未分级城市"},{"id":1156652300,"name_en_us":"CHANGJI","name_zh_cn":"昌吉回族自治州","tier_id":1156000020,"tier_level":0,"tier_name_en_us":"Non-tier City","tier_name_zh_cn":"未分级城市"},{"id":1156653100,"name_en_us":"GASHI","name_zh_cn":"喀什地区","tier_id":1156000020,"tier_level":0,"tier_name_en_us":"Non-tier City","tier_name_zh_cn":"未分级城市"},{"id":1156652200,"name_en_us":"HAMI","name_zh_cn":"哈密地区","tier_id":1156000020,"tier_level":0,"tier_name_en_us":"Non-tier City","tier_name_zh_cn":"未分级城市"},{"id":1156653200,"name_en_us":"HOTAN","name_zh_cn":"和田地区","tier_id":1156000020,"tier_level":0,"tier_name_en_us":"Non-tier City","tier_name_zh_cn":"未分级城市"},{"id":1156654000,"name_en_us":"ILI","name_zh_cn":"伊犁哈萨克自治州","tier_id":1156000020,"tier_level":0,"tier_name_en_us":"Non-tier City","tier_name_zh_cn":"未分级城市"},{"id":1156650200,"name_en_us":"KELAMAYI","name_zh_cn":"克拉玛依市","tier_id":1156000023,"tier_level":3,"tier_name_en_us":"Third-tier City","tier_name_zh_cn":"三线城市"},{"id":1156653000,"name_en_us":"KEZILESU","name_zh_cn":"克孜勒苏柯尔克孜自治州","tier_id":1156000020,"tier_level":0,"tier_name_en_us":"Non-tier City","tier_name_zh_cn":"未分级城市"},{"id":1156650000,"name_en_us":"QITA","name_zh_cn":"其他","tier_id":1156000020,"tier_level":0,"tier_name_en_us":"Non-tier City","tier_name_zh_cn":"未分级城市"},{"id":1156654200,"name_en_us":"TACHENG","name_zh_cn":"塔城地区","tier_id":1156000020,"tier_level":0,"tier_name_en_us":"Non-tier City","tier_name_zh_cn":"未分级城市"},{"id":1156652100,"name_en_us":"TURPAN","name_zh_cn":"吐鲁番地区","tier_id":1156000020,"tier_level":0,"tier_name_en_us":"Non-tier City","tier_name_zh_cn":"未分级城市"},{"id":1156650400,"name_en_us":"TURPANCITY","name_zh_cn":"吐鲁番市","tier_id":1156000020,"tier_level":0,"tier_name_en_us":"Non-tier City","tier_name_zh_cn":"未分级城市"},{"id":1156650100,"name_en_us":"URUMQI","name_zh_cn":"乌鲁木齐市","tier_id":1156000023,"tier_level":3,"tier_name_en_us":"Third-tier City","tier_name_zh_cn":"三线城市"},{"id":1156659000,"name_en_us":"XINJIANGOTHER","name_zh_cn":"自治区直辖县级行政区划","tier_id":1156000020,"tier_level":0,"tier_name_en_us":"Non-tier City","tier_name_zh_cn":"未分级城市"}],"id":1156650001,"name_en_us":"XINJIANG","name_zh_cn":"新疆维吾尔自治区","region_id":1156000015,"region_name_en_us":"Northwest","region_name_zh_cn":"西北地区"},{"city":[{"id":1156530500,"name_en_us":"BAOSHAN","name_zh_cn":"保山市","tier_id":1156000020,"tier_level":0,"tier_name_en_us":"Non-tier City","tier_name_zh_cn":"未分级城市"},{"id":1156532300,"name_en_us":"CHUXIONG","name_zh_cn":"楚雄彝族自治州","tier_id":1156000020,"tier_level":0,"tier_name_en_us":"Non-tier City","tier_name_zh_cn":"未分级城市"},{"id":1156532900,"name_en_us":"DALI","name_zh_cn":"大理白族自治州","tier_id":1156000020,"tier_level":0,"tier_name_en_us":"Non-tier City","tier_name_zh_cn":"未分级城市"},{"id":1156533100,"name_en_us":"DEHONG","name_zh_cn":"德宏傣族景颇族自治州","tier_id":1156000020,"tier_level":0,"tier_name_en_us":"Non-tier City","tier_name_zh_cn":"未分级城市"},{"id":1156533400,"name_en_us":"DIQING","name_zh_cn":"迪庆藏族自治州","tier_id":1156000020,"tier_level":0,"tier_name_en_us":"Non-tier City","tier_name_zh_cn":"未分级城市"},{"id":1156532500,"name_en_us":"HONGHE","name_zh_cn":"红河哈尼族彝族自治州","tier_id":1156000020,"tier_level":0,"tier_name_en_us":"Non-tier City","tier_name_zh_cn":"未分级城市"},{"id":1156530100,"name_en_us":"KUNMING","name_zh_cn":"昆明市","tier_id":1156000022,"tier_level":2,"tier_name_en_us":"Second-tier City","tier_name_zh_cn":"二线城市"},{"id":1156530700,"name_en_us":"LIJIANG","name_zh_cn":"丽江市","tier_id":1156000020,"tier_level":0,"tier_name_en_us":"Non-tier City","tier_name_zh_cn":"未分级城市"},{"id":1156530900,"name_en_us":"LINCANG","name_zh_cn":"临沧市","tier_id":1156000020,"tier_level":0,"tier_name_en_us":"Non-tier City","tier_name_zh_cn":"未分级城市"},{"id":1156533300,"name_en_us":"NUJIANG","name_zh_cn":"怒江傈僳族自治州","tier_id":1156000020,"tier_level":0,"tier_name_en_us":"Non-tier City","tier_name_zh_cn":"未分级城市"},{"id":1156530800,"name_en_us":"PUER","name_zh_cn":"普洱市","tier_id":1156000020,"tier_level":0,"tier_name_en_us":"Non-tier City","tier_name_zh_cn":"未分级城市"},{"id":1156530000,"name_en_us":"QITA","name_zh_cn":"其他","tier_id":1156000020,"tier_level":0,"tier_name_en_us":"Non-tier City","tier_name_zh_cn":"未分级城市"},{"id":1156530300,"name_en_us":"QUJING","name_zh_cn":"曲靖市","tier_id":1156000024,"tier_level":4,"tier_name_en_us":"Fourth-tier City","tier_name_zh_cn":"四线城市"},{"id":1156532600,"name_en_us":"WENSHAN","name_zh_cn":"文山壮族苗族自治州","tier_id":1156000020,"tier_level":0,"tier_name_en_us":"Non-tier City","tier_name_zh_cn":"未分级城市"},{"id":1156532800,"name_en_us":"XISHUANGBANNA","name_zh_cn":"西双版纳傣族自治州","tier_id":1156000020,"tier_level":0,"tier_name_en_us":"Non-tier City","tier_name_zh_cn":"未分级城市"},{"id":1156530400,"name_en_us":"YUXI","name_zh_cn":"玉溪市","tier_id":1156000023,"tier_level":3,"tier_name_en_us":"Third-tier City","tier_name_zh_cn":"三线城市"},{"id":1156530600,"name_en_us":"ZHAOTONG","name_zh_cn":"昭通市","tier_id":1156000020,"tier_level":0,"tier_name_en_us":"Non-tier City","tier_name_zh_cn":"未分级城市"}],"id":1156530001,"name_en_us":"YUNNAN","name_zh_cn":"云南省","region_id":1156000017,"region_name_en_us":"Southwest","region_name_zh_cn":"西南地区"},{"city":[{"id":1156330100,"name_en_us":"HANGZHOU","name_zh_cn":"杭州市","tier_id":1156000022,"tier_level":2,"tier_name_en_us":"Second-tier City","tier_name_zh_cn":"二线城市"},{"id":1156330500,"name_en_us":"HUZHOU","name_zh_cn":"湖州市","tier_id":1156000023,"tier_level":3,"tier_name_en_us":"Third-tier City","tier_name_zh_cn":"三线城市"},{"id":1156330400,"name_en_us":"JIAXING","name_zh_cn":"嘉兴市","tier_id":1156000023,"tier_level":3,"tier_name_en_us":"Third-tier City","tier_name_zh_cn":"三线城市"},{"id":1156330700,"name_en_us":"JINHUA","name_zh_cn":"金华市","tier_id":1156000023,"tier_level":3,"tier_name_en_us":"Third-tier City","tier_name_zh_cn":"三线城市"},{"id":1156331100,"name_en_us":"LISHUI","name_zh_cn":"丽水市","tier_id":1156000024,"tier_level":4,"tier_name_en_us":"Fourth-tier City","tier_name_zh_cn":"四线城市"},{"id":1156330200,"name_en_us":"NINGBO","name_zh_cn":"宁波市","tier_id":1156000022,"tier_level":2,"tier_name_en_us":"Second-tier City","tier_name_zh_cn":"二线城市"},{"id":1156330000,"name_en_us":"QITA","name_zh_cn":"其他","tier_id":1156000020,"tier_level":0,"tier_name_en_us":"Non-tier City","tier_name_zh_cn":"未分级城市"},{"id":1156330800,"name_en_us":"QUZHOU","name_zh_cn":"衢州市","tier_id":1156000023,"tier_level":3,"tier_name_en_us":"Third-tier City","tier_name_zh_cn":"三线城市"},{"id":1156330600,"name_en_us":"SHAOXING","name_zh_cn":"绍兴市","tier_id":1156000023,"tier_level":3,"tier_name_en_us":"Third-tier City","tier_name_zh_cn":"三线城市"},{"id":1156331000,"name_en_us":"TAIZHOU","name_zh_cn":"台州市","tier_id":1156000023,"tier_level":3,"tier_name_en_us":"Third-tier City","tier_name_zh_cn":"三线城市"},{"id":1156330300,"name_en_us":"WENZHOU","name_zh_cn":"温州市","tier_id":1156000023,"tier_level":3,"tier_name_en_us":"Third-tier City","tier_name_zh_cn":"三线城市"},{"id":1156330900,"name_en_us":"ZHOUSHAN","name_zh_cn":"舟山市","tier_id":1156000023,"tier_level":3,"tier_name_en_us":"Third-tier City","tier_name_zh_cn":"三线城市"}],"id":1156330001,"name_en_us":"ZHEJIANG","name_zh_cn":"浙江省","region_id":1156000011,"region_name_en_us":"East","region_name_zh_cn":"华东地区"},{"city":[{"id":1156500000,"name_en_us":"CHONGQING","name_zh_cn":"重庆市","tier_id":1156000022,"tier_level":2,"tier_name_en_us":"Second-tier City","tier_name_zh_cn":"二线城市"}],"id":1156500001,"name_en_us":"CHONGQING","name_zh_cn":"重庆市","region_id":1156000017,"region_name_en_us":"Southwest","region_name_zh_cn":"西南地区"}]},{"id":1004000000,"name_en_us":"Afghanistan","name_zh_cn":"阿富汗"},{"id":1784000000,"name_en_us":"The United Arab Emirates","name_zh_cn":"阿联酋"},{"id":1512000000,"name_en_us":"Oman","name_zh_cn":"阿曼"},{"id":1031000000,"name_en_us":"Azerbaijan","name_zh_cn":"阿塞拜疆"},{"id":1586000000,"name_en_us":"Pakistan","name_zh_cn":"巴基斯坦"},{"id":1275000000,"name_en_us":"Palestinian","name_zh_cn":"巴勒斯坦"},{"id":1048000000,"name_en_us":"Bahrain","name_zh_cn":"巴林"},{"id":1064000000,"name_en_us":"Bhutan","name_zh_cn":"不丹"},{"id":1408000000,"name_en_us":"North Korea","name_zh_cn":"朝鲜"},{"id":1626000000,"name_en_us":"East Timor","name_zh_cn":"东帝汶"},{"id":1608000000,"name_en_us":"Philippines","name_zh_cn":"菲律宾"},{"id":1268000000,"name_en_us":"Georgia","name_zh_cn":"格鲁吉亚"},{"id":1398000000,"name_en_us":"Kazakhstan","name_zh_cn":"哈萨克斯坦"},{"id":1410000000,"name_en_us":"South Korea","name_zh_cn":"韩国"},{"id":1417000000,"name_en_us":"Kyrgyzstan","name_zh_cn":"吉尔吉斯斯坦"},{"id":1116000000,"name_en_us":"Cambodia","name_zh_cn":"柬埔寨"},{"id":1634000000,"name_en_us":"Qatar","name_zh_cn":"卡塔尔"},{"id":1414000000,"name_en_us":"Kuwait","name_zh_cn":"科威特"},{"id":1418000000,"name_en_us":"Laos","name_zh_cn":"老挝"},{"id":1422000000,"name_en_us":"Lebanon","name_zh_cn":"黎巴嫩"},{"id":1462000000,"name_en_us":"Maldives","name_zh_cn":"马尔代夫"},{"id":1458000000,"name_en_us":"Malaysia","name_zh_cn":"马来西亚"},{"id":1496000000,"name_en_us":"Mongolia","name_zh_cn":"蒙古国；蒙古"},{"id":1050000000,"name_en_us":"Bengal","name_zh_cn":"孟加拉"},{"id":1104000000,"name_en_us":"Myanmar","name_zh_cn":"缅甸"},{"id":1524000000,"name_en_us":"Nepal","name_zh_cn":"尼泊尔"},{"id":1392000000,"name_en_us":"Japan","name_zh_cn":"日本"},{"id":1196000000,"name_en_us":"Cyprus","name_zh_cn":"塞浦路斯"},{"id":1682000000,"name_en_us":"Saudi Arabia","name_zh_cn":"沙特阿拉伯"},{"id":1144000000,"name_en_us":"Sri Lanka","name_zh_cn":"斯里兰卡"},{"id":1762000000,"name_en_us":"Tajikistan","name_zh_cn":"塔吉克斯坦"},{"id":1764000000,"name_en_us":"Thailand","name_zh_cn":"泰国"},{"id":1792000000,"name_en_us":"Turkey","name_zh_cn":"土耳其"},{"id":1795000000,"name_en_us":"Turkmenistan","name_zh_cn":"土库曼斯坦"},{"id":1096000000,"name_en_us":"Brunei","name_zh_cn":"文莱"},{"id":1860000000,"name_en_us":"Uzbekistan","name_zh_cn":"乌兹别克斯坦"},{"id":1702000000,"name_en_us":"Singapore","name_zh_cn":"新加坡"},{"id":1760000000,"name_en_us":"Syria","name_zh_cn":"叙利亚"},{"id":1051000000,"name_en_us":"Armenia","name_zh_cn":"亚美尼亚"},{"id":1887000000,"name_en_us":"Yemen","name_zh_cn":"也门"},{"id":1368000000,"name_en_us":"Iraq","name_zh_cn":"伊拉克"},{"id":1364000000,"name_en_us":"Iran","name_zh_cn":"伊朗"},{"id":1376000000,"name_en_us":"Israel","name_zh_cn":"以色列"},{"id":1356000000,"name_en_us":"India","name_zh_cn":"印度"},{"id":1360000000,"name_en_us":"Indonesia","name_zh_cn":"印尼"},{"id":1400000000,"name_en_us":"Jordan","name_zh_cn":"约旦"},{"id":1704000000,"name_en_us":"Vietnam","name_zh_cn":"越南"}],"id":1000000002,"name_en_us":"Asia","name_zh_cn":"亚洲"},{"country":[{"id":1012000000,"name_en_us":"Algeria","name_zh_cn":"阿尔及利亚"},{"id":1818000000,"name_en_us":"Egypt","name_zh_cn":"埃及"},{"id":1231000000,"name_en_us":"Ethiopia","name_zh_cn":"埃塞俄比亚"},{"id":1024000000,"name_en_us":"Angola","name_zh_cn":"安哥拉"},{"id":1204000000,"name_en_us":"Benin","name_zh_cn":"贝宁"},{"id":1072000000,"name_en_us":"Botswana","name_zh_cn":"博茨瓦纳"},{"id":1854000000,"name_en_us":"Burkina Faso","name_zh_cn":"布基纳法索"},{"id":1108000000,"name_en_us":"Burundi","name_zh_cn":"布隆迪"},{"id":1226000000,"name_en_us":"Equatorial Guinea","name_zh_cn":"赤道几内亚"},{"id":1768000000,"name_en_us":"Togo","name_zh_cn":"多哥"},{"id":1232000000,"name_en_us":"Eritrea","name_zh_cn":"厄立特里亚"},{"id":1260000000,"name_en_us":"French Southern Territories","name_zh_cn":"法属南部领地"},{"id":1132000000,"name_en_us":"Cape Verde","name_zh_cn":"佛得角"},{"id":1270000000,"name_en_us":"Gambia","name_zh_cn":"冈比亚"},{"id":1178000000,"name_en_us":"Congo (Brazzaville)","name_zh_cn":"刚果（布）"},{"id":1180000000,"name_en_us":"Congo (DRC)","name_zh_cn":"刚果（金）"},{"id":1262000000,"name_en_us":"Djibouti","name_zh_cn":"吉布提"},{"id":1324000000,"name_en_us":"Guinea","name_zh_cn":"几内亚"},{"id":1624000000,"name_en_us":"Guinea-Bissau","name_zh_cn":"几内亚比绍"},{"id":1288000000,"name_en_us":"Ghana","name_zh_cn":"加纳"},{"id":1266000000,"name_en_us":"Gabon","name_zh_cn":"加蓬"},{"id":1716000000,"name_en_us":"Zimbabwe","name_zh_cn":"津巴布韦"},{"id":1120000000,"name_en_us":"Cameroon","name_zh_cn":"喀麦隆"},{"id":1174000000,"name_en_us":"Comoros","name_zh_cn":"科摩罗"},{"id":1384000000,"name_en_us":"Ivory Coast","name_zh_cn":"科特迪瓦"},{"id":1404000000,"name_en_us":"Kenya","name_zh_cn":"肯尼亚"},{"id":1426000000,"name_en_us":"Lesotho","name_zh_cn":"莱索托"},{"id":1430000000,"name_en_us":"Liberia","name_zh_cn":"利比里亚"},{"id":1434000000,"name_en_us":"Libya","name_zh_cn":"利比亚"},{"id":1638000000,"name_en_us":"Reunion","name_zh_cn":"留尼汪"},{"id":1646000000,"name_en_us":"Rwanda","name_zh_cn":"卢旺达"},{"id":1450000000,"name_en_us":"Madagascar","name_zh_cn":"马达加斯加"},{"id":1454000000,"name_en_us":"Mawlawi","name_zh_cn":"马拉维"},{"id":1466000000,"name_en_us":"Mali","name_zh_cn":"马里"},{"id":1175000000,"name_en_us":"Mayotte","name_zh_cn":"马约特"},{"id":1480000000,"name_en_us":"Mauritius","name_zh_cn":"毛里求斯"},{"id":1478000000,"name_en_us":"Mauritania","name_zh_cn":"毛里塔尼亚"},{"id":1504000000,"name_en_us":"Morocco","name_zh_cn":"摩洛哥"},{"id":1508000000,"name_en_us":"Mozambique","name_zh_cn":"莫桑比克"},{"id":1516000000,"name_en_us":"Namibia","name_zh_cn":"纳米比亚"},{"id":1710000000,"name_en_us":"South Africa","name_zh_cn":"南非"},{"id":1728000000,"name_en_us":"South Sultan","name_zh_cn":"南苏丹"},{"id":1562000000,"name_en_us":"Niger","name_zh_cn":"尼日尔"},{"id":1566000000,"name_en_us":"Nigeria","name_zh_cn":"尼日利亚"},{"id":1694000000,"name_en_us":"Sierra Leone","name_zh_cn":"塞拉利昂"},{"id":1686000000,"name_en_us":"Senegal","name_zh_cn":"塞内加尔"},{"id":1690000000,"name_en_us":"Seychelles","name_zh_cn":"塞舌尔"},{"id":1678000000,"name_en_us":"Sao Tome and Principe","name_zh_cn":"圣多美和普林西比"},{"id":1654000000,"name_en_us":"St. Helena","name_zh_cn":"圣赫勒拿"},{"id":1748000000,"name_en_us":"Swaziland","name_zh_cn":"斯威士兰"},{"id":1729000000,"name_en_us":"Sudan","name_zh_cn":"苏丹"},{"id":1706000000,"name_en_us":"Somalia","name_zh_cn":"索马里"},{"id":1834000000,"name_en_us":"Tanzania","name_zh_cn":"坦桑尼亚"},{"id":1788000000,"name_en_us":"Tunisia","name_zh_cn":"突尼斯"},{"id":1800000000,"name_en_us":"Uganda","name_zh_cn":"乌干达"},{"id":1732000000,"name_en_us":"Western Sahara","name_zh_cn":"西撒哈拉"},{"id":1894000000,"name_en_us":"Zambia","name_zh_cn":"赞比亚"},{"id":1148000000,"name_en_us":"Chad","name_zh_cn":"乍得"},{"id":1140000000,"name_en_us":"Central African Republic","name_zh_cn":"中非"}],"id":1000000001,"name_en_us":"Afrika","name_zh_cn":"非洲"},{"country":[{"id":1008000000,"name_en_us":"Albania","name_zh_cn":"阿尔巴尼亚"},{"id":1372000000,"name_en_us":"Ireland","name_zh_cn":"爱尔兰"},{"id":1233000000,"name_en_us":"Estonia","name_zh_cn":"爱沙尼亚"},{"id":1020000000,"name_en_us":"Andorra","name_zh_cn":"安道尔"},{"id":1660000000,"name_en_us":"Anguilla","name_zh_cn":"安圭拉"},{"id":1040000000,"name_en_us":"Austria","name_zh_cn":"奥地利"},{"id":1112000000,"name_en_us":"Belarus","name_zh_cn":"白俄罗斯"},{"id":1060000000,"name_en_us":"Bermuda","name_zh_cn":"百慕大"},{"id":1100000000,"name_en_us":"Bulgaria","name_zh_cn":"保加利亚"},{"id":1056000000,"name_en_us":"Belgium","name_zh_cn":"比利时"},{"id":1352000000,"name_en_us":"Iceland","name_zh_cn":"冰岛"},{"id":1070000000,"name_en_us":"Bosnia and Herzegovina","name_zh_cn":"波黑"},{"id":1616000000,"name_en_us":"Poland","name_zh_cn":"波兰"},{"id":1208000000,"name_en_us":"Denmark","name_zh_cn":"丹麦"},{"id":1276000000,"name_en_us":"Germany","name_zh_cn":"德国"},{"id":1643000000,"name_en_us":"Russia","name_zh_cn":"俄罗斯"},{"id":1250000000,"name_en_us":"France","name_zh_cn":"法国"},{"id":1234000000,"name_en_us":"Faroe Islands","name_zh_cn":"法罗群岛"},{"id":1663000000,"name_en_us":"French Saint Martin","name_zh_cn":"法属圣马丁"},{"id":1336000000,"name_en_us":"Vatican","name_zh_cn":"梵蒂冈"},{"id":1246000000,"name_en_us":"Finland","name_zh_cn":"芬兰"},{"id":1831000000,"name_en_us":"Guernsey","name_zh_cn":"根西岛"},{"id":1528000000,"name_en_us":"Netherlands","name_zh_cn":"荷兰"},{"id":1535000000,"name_en_us":"Netherlands Saint Martin","name_zh_cn":"荷属圣马丁"},{"id":1534000000,"name_en_us":"Caribbean Netherlands","name_zh_cn":"荷兰加勒比区"},{"id":1499000000,"name_en_us":"Montenegro","name_zh_cn":"黑山"},{"id":1203000000,"name_en_us":"Czech","name_zh_cn":"捷克"},{"id":1191000000,"name_en_us":"Croatia","name_zh_cn":"克罗地亚"},{"id":1428000000,"name_en_us":"Latvia","name_zh_cn":"拉脱维亚"},{"id":1440000000,"name_en_us":"Lithuania","name_zh_cn":"立陶宛"},{"id":1438000000,"name_en_us":"Liechtenstein","name_zh_cn":"列支敦士登"},{"id":1442000000,"name_en_us":"Luxembourg","name_zh_cn":"卢森堡"},{"id":1642000000,"name_en_us":"Romania","name_zh_cn":"罗马尼亚"},{"id":1833000000,"name_en_us":"Isle of Man","name_zh_cn":"马恩岛"},{"id":1238000000,"name_en_us":"Malvinas Islands (Falkland)","name_zh_cn":"马尔维纳斯群岛（福克兰）"},{"id":1470000000,"name_en_us":"Malta","name_zh_cn":"马耳他"},{"id":1807000000,"name_en_us":"Macedonia","name_zh_cn":"马其顿"},{"id":1474000000,"name_en_us":"Martinique","name_zh_cn":"马提尼克"},{"id":1500000000,"name_en_us":"Montserrat","name_zh_cn":"蒙塞拉特岛"},{"id":1498000000,"name_en_us":"Moldova","name_zh_cn":"摩尔多瓦"},{"id":1492000000,"name_en_us":"Monaco","name_zh_cn":"摩纳哥"},{"id":1239000000,"name_en_us":"South Georgia and The South Sandwich Islands","name_zh_cn":"南乔治亚岛和南桑威奇群岛"},{"id":1578000000,"name_en_us":"Norway","name_zh_cn":"挪威"},{"id":1620000000,"name_en_us":"Portugal","name_zh_cn":"葡萄牙"},{"id":1752000000,"name_en_us":"Sweden","name_zh_cn":"瑞典"},{"id":1756000000,"name_en_us":"Switzerland","name_zh_cn":"瑞士"},{"id":1688000000,"name_en_us":"Serbia","name_zh_cn":"塞尔维亚"},{"id":1674000000,"name_en_us":"San Marino","name_zh_cn":"圣马力诺"},{"id":1703000000,"name_en_us":"Slovakia","name_zh_cn":"斯洛伐克"},{"id":1705000000,"name_en_us":"Slovenia","name_zh_cn":"斯洛文尼亚"},{"id":1744000000,"name_en_us":"Svalbard and Jan Mayen","name_zh_cn":"斯瓦尔巴群岛和扬马延岛"},{"id":1804000000,"name_en_us":"Ukraine","name_zh_cn":"乌克兰"},{"id":1724000000,"name_en_us":"Spain","name_zh_cn":"西班牙"},{"id":1300000000,"name_en_us":"Greece","name_zh_cn":"希腊"},{"id":1348000000,"name_en_us":"Hungary","name_zh_cn":"匈牙利"},{"id":1380000000,"name_en_us":"Italy","name_zh_cn":"意大利"},{"id":1826000000,"name_en_us":"United Kingdom","name_zh_cn":"英国"},{"id":1086000000,"name_en_us":"British India Ocean Territory","name_zh_cn":"英属印度洋领地"},{"id":1832000000,"name_en_us":"Jersey","name_zh_cn":"泽西岛"},{"id":1292000000,"name_en_us":"Gibraltar","name_zh_cn":"直布罗陀"}],"id":1000000003,"name_en_us":"Europe","name_zh_cn":"欧洲"},{"country":[{"id":1028000000,"name_en_us":"Antigua and Barbuda","name_zh_cn":"安提瓜和巴布达"},{"id":1052000000,"name_en_us":"Barbados","name_zh_cn":"巴巴多斯"},{"id":1044000000,"name_en_us":"The Bahamas","name_zh_cn":"巴哈马"},{"id":1591000000,"name_en_us":"Panama","name_zh_cn":"巴拿马"},{"id":1580000000,"name_en_us":"Northern Mariana Islands","name_zh_cn":"北马里亚纳群岛"},{"id":1630000000,"name_en_us":"Puerto Rico","name_zh_cn":"波多黎各"},{"id":1084000000,"name_en_us":"Belize","name_zh_cn":"伯利兹"},{"id":1214000000,"name_en_us":"Dominican Republic","name_zh_cn":"多米尼加"},{"id":1212000000,"name_en_us":"Dominica","name_zh_cn":"多米尼克"},{"id":1188000000,"name_en_us":"Costa Rica","name_zh_cn":"哥斯达黎加"},{"id":1308000000,"name_en_us":"Grenada","name_zh_cn":"格林纳达"},{"id":1304000000,"name_en_us":"Greenland","name_zh_cn":"格陵兰"},{"id":1192000000,"name_en_us":"Cuba","name_zh_cn":"古巴"},{"id":1312000000,"name_en_us":"Guadeloupe","name_zh_cn":"瓜德罗普"},{"id":1332000000,"name_en_us":"Haiti","name_zh_cn":"海地"},{"id":1340000000,"name_en_us":"Honduras","name_zh_cn":"洪都拉斯"},{"id":1124000000,"name_en_us":"Canada","name_zh_cn":"加拿大"},{"id":1136000000,"name_en_us":"Cayman Islands","name_zh_cn":"开曼群岛"},{"id":1531000000,"name_en_us":"Curacao","name_zh_cn":"库拉索"},{"id":1840000000,"name_en_us":"United States","name_zh_cn":"美国"},{"id":1581000000,"name_en_us":"United States Minor Outlying Islands","name_zh_cn":"美国本土外小岛屿"},{"id":1850000000,"name_en_us":"United States Virgin Islands","name_zh_cn":"美属维尔京群岛"},{"id":1484000000,"name_en_us":"Mexico","name_zh_cn":"墨西哥"},{"id":1558000000,"name_en_us":"Nicaragua","name_zh_cn":"尼加拉瓜"},{"id":1222000000,"name_en_us":"El Salvador","name_zh_cn":"萨尔瓦多"},{"id":1652000000,"name_en_us":"St. Barthelemy","name_zh_cn":"圣巴泰勒米岛"},{"id":1659000000,"name_en_us":"Saint Kitts and Nevis","name_zh_cn":"圣基茨和尼维斯"},{"id":1662000000,"name_en_us":"Saint Lucia","name_zh_cn":"圣卢西亚"},{"id":1666000000,"name_en_us":"St Pierre and Miquelon","name_zh_cn":"圣皮埃尔和密克隆"},{"id":1670000000,"name_en_us":"Saint Vincent and the Grenadines","name_zh_cn":"圣文森特和格林纳丁斯"},{"id":1780000000,"name_en_us":"Trinidad and Tobago","name_zh_cn":"特立尼达和多巴哥"},{"id":1320000000,"name_en_us":"Guatemala","name_zh_cn":"危地马拉"},{"id":1388000000,"name_en_us":"Jamaica","name_zh_cn":"牙买加"},{"id":1092000000,"name_en_us":"British Virgin Islands","name_zh_cn":"英属维尔京群岛"}],"id":1000000004,"name_en_us":"North","name_zh_cn":"北美洲"},{"country":[{"id":1036000000,"name_en_us":"Australia","name_zh_cn":"澳大利亚"},{"id":1598000000,"name_en_us":"Papua New Guinea","name_zh_cn":"巴布亚新几内亚"},{"id":1258000000,"name_en_us":"French Polynesia","name_zh_cn":"法属波利尼西亚"},{"id":1242000000,"name_en_us":"Fiji Islands","name_zh_cn":"斐济群岛"},{"id":1316000000,"name_en_us":"Guam","name_zh_cn":"关岛"},{"id":1334000000,"name_en_us":"Heard Island and McDonald Islands","name_zh_cn":"赫德岛和麦克唐纳群岛"},{"id":1296000000,"name_en_us":"Kiribati","name_zh_cn":"基里巴斯"},{"id":1166000000,"name_en_us":"The Cocos Islands","name_zh_cn":"科科斯群岛"},{"id":1184000000,"name_en_us":"Cook Islands","name_zh_cn":"库克群岛"},{"id":1584000000,"name_en_us":"Marshall Islands","name_zh_cn":"马绍尔群岛"},{"id":1016000000,"name_en_us":"American Samoa","name_zh_cn":"美属萨摩亚"},{"id":1583000000,"name_en_us":"Federated States of Micronesia","name_zh_cn":"密克罗尼西亚联邦"},{"id":1520000000,"name_en_us":"Nauru","name_zh_cn":"瑙鲁"},{"id":1570000000,"name_en_us":"Niue","name_zh_cn":"纽埃"},{"id":1574000000,"name_en_us":"Norfolk Island","name_zh_cn":"诺福克岛"},{"id":1585000000,"name_en_us":"Palau","name_zh_cn":"帕劳"},{"id":1612000000,"name_en_us":"Pitcairn Islands","name_zh_cn":"皮特凯恩群岛"},{"id":1882000000,"name_en_us":"Samoa","name_zh_cn":"萨摩亚"},{"id":1162000000,"name_en_us":"Christmas Island","name_zh_cn":"圣诞岛"},{"id":1090000000,"name_en_us":"Salomon Islands","name_zh_cn":"所罗门群岛"},{"id":1776000000,"name_en_us":"Tonga","name_zh_cn":"汤加"},{"id":1796000000,"name_en_us":"Turks and Caicos Islands","name_zh_cn":"特克斯和凯科斯群岛"},{"id":1798000000,"name_en_us":"Tuvalu","name_zh_cn":"图瓦卢"},{"id":1772000000,"name_en_us":"Tokelau","name_zh_cn":"托克劳"},{"id":1876000000,"name_en_us":"Wallis and Futuna","name_zh_cn":"瓦利斯和富图纳"},{"id":1548000000,"name_en_us":"Vanuatu","name_zh_cn":"瓦努阿图"},{"id":1540000000,"name_en_us":"New Caledonia","name_zh_cn":"新喀里多尼亚"},{"id":1554000000,"name_en_us":"New Zealand","name_zh_cn":"新西兰"}],"id":1000000005,"name_en_us":"Oceania","name_zh_cn":"大洋洲"},{"country":[{"id":1032000000,"name_en_us":"Argentina","name_zh_cn":"阿根廷"},{"id":1533000000,"name_en_us":"Aruba","name_zh_cn":"阿鲁巴"},{"id":1248000000,"name_en_us":"Aland Islands","name_zh_cn":"奥兰群岛"},{"id":1600000000,"name_en_us":"Paraguay","name_zh_cn":"巴拉圭"},{"id":1076000000,"name_en_us":"Brazil","name_zh_cn":"巴西"},{"id":1068000000,"name_en_us":"Bolivia","name_zh_cn":"玻利维亚"},{"id":1074000000,"name_en_us":"Bouvet Island","name_zh_cn":"布韦岛"},{"id":1218000000,"name_en_us":"Ecuador","name_zh_cn":"厄瓜多尔"},{"id":1254000000,"name_en_us":"French Guiana","name_zh_cn":"法属圭亚那"},{"id":1170000000,"name_en_us":"Colombia","name_zh_cn":"哥伦比亚"},{"id":1328000000,"name_en_us":"Guyana","name_zh_cn":"圭亚那"},{"id":1604000000,"name_en_us":"Peru","name_zh_cn":"秘鲁"},{"id":1740000000,"name_en_us":"Suriname","name_zh_cn":"苏里南"},{"id":1862000000,"name_en_us":"Venezuela","name_zh_cn":"委内瑞拉"},{"id":1858000000,"name_en_us":"Uruguay","name_zh_cn":"乌拉圭"},{"id":1152000000,"name_en_us":"Chile","name_zh_cn":"智利"}],"id":1000000006,"name_en_us":"South","name_zh_cn":"南美洲"}]}